2023-06-25,0,30462.66,0.00,0.00,0.00,30462.66,30462.66,36.36,White,green
2023-06-26,1,30267.99,-10.90,-10.90,0.00,30427.26,30444.12,47.93,White,red
2023-06-27,2,30692.44,3.43,-8.03,11.47,30475.47,30467.76,67.36,White,green
2023-06-28,3,30077.41,-18.57,-10.14,-8.42,30403.10,30430.59,76.89,PureGreen,red
2023-06-29,4,30447.31,-16.90,-11.49,-5.40,30411.14,30432.18,69.08,LightBlue,red
2023-06-30,5,30472.00,-14.01,-11.99,-2.01,30422.20,30435.97,71.93,LightBlue,red
2023-07-01,6,30585.90,-5.06,-10.61,5.54,30451.96,30450.25,70.01,PureGreen,lightred
2023-07-02,7,30617.03,4.47,-7.59,12.07,30481.97,30466.13,71.83,PureGreen,green
2023-07-03,8,31156.20,42.96,2.51,40.44,30604.56,30531.85,74.90,PureGreen,green
2023-07-04,9,30766.51,54.42,12.89,41.52,30634.00,30554.20,74.34,PureGreen,green
2023-07-05,10,30504.81,49.52,20.22,29.29,30610.51,30549.50,72.22,LightGreen,green
2023-07-06,11,29895.43,10.93,18.36,-7.42,30480.50,30487.20,68.52,White,lightgreen
2023-07-07,12,30344.70,2.52,15.19,-12.67,30455.81,30473.63,65.71,White,lightgreen
2023-07-08,13,30284.63,-8.16,10.52,-18.68,30424.68,30455.63,64.72,White,red
2023-07-09,14,30160.71,-24.36,3.54,-27.91,30376.69,30427.54,64.17,White,red
2023-07-10,15,30411.57,-24.30,-2.02,-22.28,30383.03,30426.02,65.62,LightBlue,red
2023-07-11,16,30622.10,-12.36,-4.09,-8.27,30426.49,30444.70,66.76,LightBlue,red
2023-07-12,17,30380.00,-15.50,-6.37,-9.13,30418.04,30438.53,66.84,White,red
2023-07-13,18,31454.23,42.00,3.29,38.70,30606.44,30535.27,70.27,PureGreen,green
2023-07-14,19,30312.01,27.84,8.20,19.63,30552.90,30514.00,69.18,LightGreen,green
2023-07-15,20,30289.52,14.17,9.40,4.77,30505.02,30492.62,67.86,LightGreen,green
2023-07-16,21,30231.99,-0.97,7.32,-8.30,30455.37,30467.80,67.12,White,red
2023-07-17,22,30138.00,-19.41,1.97,-21.39,30397.67,30436.39,64.71,White,red
2023-07-18,23,29859.13,-50.99,-8.61,-42.37,30299.75,30381.41,63.85,White,red
2023-07-19,24,29909.21,-75.44,-21.98,-53.46,30228.74,30336.44,63.31,White,red
2023-07-20,25,29800.00,-102.54,-38.09,-64.44,30150.79,30285.35,62.69,White,red
2023-07-21,26,29901.72,-120.01,-54.47,-65.53,30105.50,30248.81,62.65,White,red
2023-07-22,27,29794.00,-140.78,-71.74,-69.04,30048.86,30205.50,62.64,White,red
2023-07-23,28,30083.75,-142.08,-85.81,-56.27,30055.21,30193.90,63.64,LightBlue,red
2023-07-24,29,29176.50,-193.51,-107.35,-86.16,29895.44,30097.01,62.55,White,red
2023-07-25,30,29228.91,-234.55,-132.79,-101.76,29774.25,30014.33,61.64,White,red
2023-07-26,31,29351.96,-262.46,-158.72,-103.73,29697.47,29951.25,61.45,White,red
2023-07-27,32,29222.78,-292.98,-185.57,-107.40,29611.16,29881.87,60.48,White,red
2023-07-28,33,29314.14,-313.30,-211.12,-102.17,29557.16,29827.80,61.05,LightBlue,red
2023-07-29,34,29352.90,-327.62,-234.42,-93.19,29520.02,29782.57,61.60,LightBlue,red
2023-07-30,35,29281.09,-342.86,-256.11,-86.75,29476.58,29734.81,61.64,LightBlue,red
2023-07-31,36,29232.25,-357.57,-276.40,-81.17,29432.15,29686.95,61.66,LightBlue,red
2023-08-01,37,29705.99,-342.48,-289.62,-52.86,29481.94,29688.76,63.60,LightBlue,red
2023-08-02,38,29186.01,-357.22,-303.14,-54.08,29428.13,29640.88,63.46,White,red
2023-08-03,39,29193.64,-368.26,-316.16,-52.10,29385.50,29598.28,63.47,LightBlue,red
2023-08-04,40,29113.99,-380.95,-329.12,-51.83,29336.13,29552.16,63.33,LightBlue,red
2023-08-05,41,29072.13,-392.91,-341.88,-51.02,29288.13,29506.44,62.05,LightBlue,red
2023-08-06,42,29088.42,-400.92,-353.68,-47.23,29251.82,29466.63,61.91,LightBlue,red
2023-08-07,43,29211.06,-399.51,-362.85,-36.66,29244.41,29442.29,62.43,LightBlue,red
2023-08-08,44,29770.42,-365.46,-363.37,-2.08,29340.04,29473.54,65.48,LightBlue,red
2023-08-09,45,29581.99,-345.06,-359.71,14.65,29384.03,29483.87,67.10,White,lightred
2023-08-10,46,29455.75,-333.10,-354.39,21.28,29397.07,29481.19,67.83,White,lightred
2023-08-11,47,29426.03,-323.13,-348.14,25.00,29402.34,29475.94,67.97,White,lightred
2023-08-12,48,29430.17,-313.02,-341.11,28.09,29407.40,29471.58,66.84,White,lightred
2023-08-13,49,29303.84,-310.14,-334.92,24.77,29388.57,29455.60,65.79,White,lightred
2023-08-14,50,29430.93,-299.36,-327.81,28.44,29396.27,29453.25,65.90,White,lightred
2023-08-15,51,29200.00,-301.81,-322.61,20.79,29360.58,29429.13,64.99,White,lightred
2023-08-16,52,28730.51,-329.11,-323.91,-5.20,29246.02,29362.60,62.81,White,red
2023-08-17,53,26623.41,-469.66,-353.06,-116.60,28769.18,29101.72,59.27,White,red
2023-08-18,54,26054.00,-621.98,-406.84,-215.14,28275.51,28811.46,55.81,White,red
2023-08-19,55,26100.01,-749.49,-475.37,-274.12,27879.97,28553.23,53.63,White,red
2023-08-20,56,26189.99,-852.50,-550.80,-301.69,27572.70,28328.16,52.79,White,red
2023-08-21,57,26126.92,-942.38,-629.12,-313.26,27309.83,28118.51,53.11,White,red
2023-08-22,58,26056.00,-1020.97,-707.49,-313.48,27081.86,27922.08,53.43,White,red
2023-08-23,59,26432.72,-1064.37,-778.86,-285.50,26963.83,27780.24,54.85,LightBlue,red
2023-08-24,60,26180.05,-1112.28,-845.55,-266.73,26821.33,27627.84,55.63,LightBlue,red
2023-08-25,61,26060.01,-1156.50,-907.74,-248.75,26682.90,27478.52,56.16,LightBlue,red
2023-08-26,62,26017.37,-1193.00,-964.79,-228.21,26561.90,27339.36,56.58,LightBlue,red
2023-08-27,63,26101.77,-1215.55,-1014.94,-200.60,26478.24,27221.50,56.63,LightBlue,red
2023-08-28,64,26120.00,-1229.59,-1057.87,-171.71,26413.10,27116.59,56.89,LightBlue,red
2023-08-29,65,27716.34,-1147.77,-1075.85,-71.91,26650.05,27173.71,62.16,LightBlue,red
2023-08-30,66,27299.99,-1095.69,-1079.82,-15.86,26768.22,27185.74,65.28,LightBlue,red
2023-08-31,67,25940.78,-1122.46,-1088.35,-34.11,26617.78,27067.17,65.31,White,red
2023-09-01,68,25805.05,-1149.15,-1100.51,-48.64,26470.01,26946.97,65.15,White,red
2023-09-02,69,25869.51,-1164.45,-1113.30,-51.15,26360.83,26844.35,62.65,White,red
2023-09-03,70,25971.21,-1167.70,-1124.18,-43.52,26289.99,26761.19,61.46,LightBlue,red
2023-09-04,71,25826.02,-1174.30,-1134.20,-40.09,26205.63,26672.13,61.44,LightBlue,red
2023-09-05,72,25792.10,-1177.55,-1142.87,-34.67,26130.44,26588.32,61.45,LightBlue,red
2023-09-06,73,25759.95,-1177.78,-1149.85,-27.92,26063.08,26509.42,61.32,LightBlue,red
2023-09-07,74,26255.00,-1145.84,-1149.05,3.20,26097.97,26485.19,62.61,White,lightred
2023-09-08,75,25910.50,-1133.10,-1145.86,12.75,26063.88,26430.46,62.99,White,lightred
2023-09-09,76,25901.61,-1118.30,-1140.35,22.05,26034.38,26380.09,63.32,White,lightred
2023-09-10,77,25841.61,-1104.61,-1133.20,28.59,25999.33,26328.81,63.47,White,lightred
2023-09-11,78,25162.52,-1126.63,-1131.89,5.25,25847.18,26217.73,61.60,White,lightred
2023-09-12,79,25840.10,-1103.60,-1126.23,22.62,25845.89,26181.77,62.40,White,lightred
2023-09-13,80,26222.00,-1058.07,-1112.60,54.52,25914.28,26185.60,64.03,White,lightred
2023-09-14,81,26522.73,-997.69,-1089.62,91.92,26024.90,26217.71,66.18,White,lightred
2023-09-15,82,26600.00,-937.15,-1059.12,121.97,26129.46,26254.11,68.74,White,lightred
2023-09-16,83,26559.67,-883.28,-1023.96,140.67,26207.68,26283.21,69.74,White,lightred
2023-09-17,84,26527.51,-834.96,-986.16,151.19,26265.83,26306.48,69.94,White,lightred
2023-09-18,85,26762.51,-776.67,-944.26,167.59,26356.14,26349.91,70.48,PureGreen,lightred
2023-09-19,86,27210.26,-698.01,-895.01,196.99,26511.43,26431.85,72.09,PureGreen,lightred
2023-09-20,87,27125.00,-631.80,-842.37,210.56,26622.99,26497.86,73.05,PureGreen,lightred
2023-09-21,88,26568.08,-603.09,-794.51,191.41,26613.00,26504.55,71.67,PureRed,lightred
2023-09-22,89,26580.14,-575.21,-750.65,175.44,26607.03,26511.75,70.21,PureRed,lightred
2023-09-23,90,26575.96,-549.05,-710.33,161.27,26601.38,26517.86,68.36,PureRed,lightred
2023-09-24,91,26248.38,-542.62,-676.79,134.16,26537.20,26492.20,65.98,PureRed,lightred
2023-09-25,92,26304.81,-531.84,-647.80,115.96,26494.94,26474.35,65.35,PureRed,lightred
2023-09-26,93,26221.67,-525.14,-623.27,98.12,26445.26,26450.29,64.54,White,lightred
2023-09-27,94,26372.99,-508.87,-600.39,91.51,26432.12,26442.92,64.53,White,lightred
2023-09-28,95,27021.39,-456.51,-571.61,115.10,26539.26,26498.01,67.40,White,lightred
2023-09-29,96,26906.96,-415.70,-540.43,124.73,26606.11,26536.96,69.09,White,lightred
2023-09-30,97,26962.56,-375.55,-507.46,131.90,26670.92,26577.49,70.80,PureGreen,lightred
2023-10-01,98,27992.57,-281.55,-462.27,180.72,26911.22,26712.26,74.73,PureGreen,lightred
2023-10-02,99,27494.51,-226.69,-415.16,188.47,27017.27,26786.76,74.37,PureGreen,lightred
2023-10-03,100,27426.46,-181.96,-368.52,186.55,27091.67,26847.69,74.08,PureRed,lightred
2023-10-04,101,27778.57,-122.67,-319.35,196.67,27216.56,26936.34,74.64,PureGreen,lightred
2023-10-05,102,27410.39,-91.31,-273.74,182.43,27251.80,26981.49,72.19,PureRed,lightred
2023-10-06,103,27931.09,-34.53,-225.90,191.37,27375.31,27071.93,72.66,PureGreen,lightred
2023-10-07,104,27956.67,16.38,-177.44,193.83,27481.01,27156.19,73.24,PureGreen,green
2023-10-08,105,27917.05,58.37,-130.28,188.65,27560.29,27228.65,73.08,LightGreen,green
2023-10-09,106,27590.12,76.33,-88.95,165.29,27565.71,27263.07,72.30,LightGreen,green
2023-10-10,107,27390.12,80.45,-55.07,135.53,27533.78,27275.17,70.32,LightGreen,green
2023-10-11,108,26875.52,54.91,-33.07,87.98,27414.10,27237.11,67.25,LightGreen,green
2023-10-12,109,26759.63,26.00,-21.26,47.26,27295.10,27191.64,64.57,LightGreen,green
2023-10-13,110,26862.00,6.52,-15.70,22.22,27216.36,27160.24,63.41,LightGreen,green
2023-10-14,111,26852.48,-10.97,-14.75,3.78,27150.20,27130.93,62.79,PureRed,lightred
2023-10-15,112,27154.15,-9.24,-13.65,4.41,27150.91,27133.14,64.10,White,lightred
2023-10-16,113,28500.78,67.73,2.62,65.11,27396.34,27263.39,68.84,White,green
2023-10-17,114,28395.91,128.52,27.80,100.72,27578.08,27371.25,72.09,PureGreen,green
2023-10-18,115,28320.00,176.63,57.56,119.06,27712.98,27461.61,74.41,PureGreen,green
2023-10-19,116,28713.71,239.85,94.02,145.82,27894.93,27580.85,76.67,PureGreen,green
2023-10-20,117,29669.04,347.43,144.70,202.72,28217.49,27779.73,78.50,PureGreen,green
2023-10-21,118,29909.80,453.13,206.39,246.74,28525.18,27982.59,80.59,PureGreen,green
2023-10-22,119,29992.46,547.96,274.70,273.25,28791.96,28174.01,82.61,PureGreen,green
2023-10-23,120,33069.99,800.76,379.91,420.84,29569.78,28640.29,86.64,PureGreen,green
2023-10-24,121,33922.73,1065.29,516.99,548.30,30361.23,29143.38,89.48,PureGreen,green
2023-10-25,122,34496.05,1323.38,678.27,645.11,31113.01,29653.16,91.87,PureGreen,green
2023-10-26,123,34151.66,1523.50,847.31,676.18,31665.49,30081.59,92.18,PureGreen,green
2023-10-27,124,33892.02,1677.23,1013.30,663.92,32070.31,30444.48,89.93,LightGreen,green
2023-10-28,125,34081.00,1815.18,1173.67,641.50,32435.89,30790.82,88.04,LightGreen,green
2023-10-29,126,34525.89,1953.24,1329.59,623.65,32815.89,31146.54,86.76,LightGreen,green
2023-10-30,127,34474.73,2063.10,1476.29,586.80,33117.50,31463.51,86.24,LightGreen,green
2023-10-31,128,34639.77,2160.13,1613.06,547.07,33394.27,31766.01,86.53,LightGreen,green
2023-11-01,129,35421.43,2280.21,1746.49,533.71,33762.85,32114.14,87.40,LightGreen,green
2023-11-02,130,34941.59,2349.19,1867.03,482.15,33977.16,32383.42,85.60,LightGreen,green
2023-11-03,131,34716.78,2387.78,1971.18,416.60,34111.64,32605.65,83.32,LightGreen,green
2023-11-04,132,35062.07,2431.76,2063.29,368.46,34284.44,32839.59,81.84,LightGreen,green
2023-11-05,133,35011.88,2458.09,2142.25,315.83,34416.70,33046.48,80.05,LightGreen,green
2023-11-06,134,35046.09,2473.72,2208.55,265.17,34531.14,33236.92,79.80,LightGreen,green
2023-11-07,135,35399.12,2497.84,2266.40,231.43,34688.95,33442.84,80.63,LightGreen,green
2023-11-08,136,35624.72,2522.12,2317.55,204.57,34859.09,33650.64,81.42,LightGreen,green
2023-11-09,137,36701.09,2594.11,2372.86,221.24,35194.00,33941.16,83.55,PureGreen,green
2023-11-10,138,37301.63,2680.64,2434.41,246.22,35577.20,34261.20,85.85,PureGreen,green
2023-11-11,139,37130.00,2736.23,2494.78,241.45,35859.53,34534.42,86.46,LightGreen,green
2023-11-12,140,37064.13,2770.65,2549.95,220.69,36078.55,34775.34,86.40,LightGreen,green
2023-11-13,141,36462.93,2756.54,2591.27,165.26,36148.43,34936.07,82.78,LightGreen,green
2023-11-14,142,35551.19,2682.90,2609.59,73.30,36039.84,34994.65,76.83,LightGreen,green
2023-11-15,143,37858.20,2738.11,2635.30,102.81,36370.45,35267.37,75.61,PureGreen,green
2023-11-16,144,36163.51,2680.94,2644.43,36.51,36332.83,35352.71,71.61,LightGreen,green
2023-11-17,145,36613.92,2646.46,2644.83,1.62,36383.93,35472.83,70.28,LightGreen,green
2023-11-18,146,36568.10,2604.03,2636.67,-32.63,36417.42,35577.14,70.47,PureGreen,lightgreen
2023-11-19,147,37359.86,2601.79,2629.69,-27.90,36588.77,35746.92,69.99,White,lightgreen
2023-11-20,148,37448.78,2595.10,2622.77,-27.67,36745.13,35909.00,71.30,PureGreen,lightgreen
2023-11-21,149,35741.65,2483.95,2595.01,-111.05,36562.68,35893.06,69.48,White,lightgreen
2023-11-22,150,37408.34,2471.43,2570.29,-98.86,36716.44,36037.38,69.83,White,lightgreen
2023-11-23,151,37294.28,2444.93,2545.22,-100.29,36821.50,36157.08,69.48,White,lightgreen
2023-11-24,152,37713.57,2436.25,2523.43,-87.18,36983.69,36305.32,69.60,White,lightgreen
2023-11-25,153,37780.67,2423.36,2503.41,-80.05,37128.60,36445.83,71.10,PureGreen,lightgreen
2023-11-26,154,37447.43,2384.44,2479.62,-95.18,37186.57,36541.22,70.81,PureGreen,lightgreen
2023-11-27,155,37242.70,2330.23,2449.74,-119.51,37196.77,36608.02,70.30,PureGreen,lightgreen
2023-11-28,156,37818.87,2306.68,2421.13,-114.44,37309.88,36723.34,70.45,PureGreen,lightgreen
2023-11-29,157,37854.64,2279.60,2392.82,-113.22,37408.93,36831.08,70.59,PureGreen,lightgreen
2023-11-30,158,37723.96,2240.22,2362.30,-122.07,37466.20,36916.12,70.71,PureGreen,lightgreen
2023-12-01,159,38682.52,2251.33,2340.11,-88.77,37687.35,37084.35,72.43,PureGreen,lightgreen
2023-12-02,160,39450.35,2295.59,2331.20,-35.61,38007.90,37309.68,74.43,PureGreen,lightgreen
2023-12-03,161,39972.26,2354.73,2335.91,18.82,38365.05,37563.26,76.65,PureGreen,green
2023-12-04,162,41991.10,2510.45,2370.82,139.62,39024.33,37984.96,80.48,PureGreen,green
2023-12-05,163,44073.32,2753.08,2447.27,305.81,39942.33,38564.80,84.15,PureGreen,green
2023-12-06,164,43762.69,2936.32,2545.08,391.23,40636.94,39059.84,85.73,PureGreen,green
2023-12-07,165,43273.14,3057.21,2647.50,409.70,41116.25,39461.10,85.36,PureGreen,green
2023-12-08,166,44170.99,3201.17,2758.24,442.93,41671.65,39909.66,84.78,PureGreen,green
2023-12-09,167,43713.60,3288.74,2864.34,424.40,42042.92,40271.94,82.49,LightGreen,green
2023-12-10,168,43789.51,3356.83,2962.84,393.99,42360.48,40606.95,81.14,LightGreen,green
2023-12-11,169,41253.40,3261.41,3022.55,238.85,42159.19,40668.52,76.31,LightGreen,green
2023-12-12,170,41492.39,3179.67,3053.97,125.69,42037.95,40746.98,72.27,LightGreen,green
2023-12-13,171,42869.03,3173.85,3077.95,95.90,42189.06,40949.08,70.89,LightGreen,green
2023-12-14,172,43022.26,3165.53,3095.47,70.06,42340.55,41146.52,69.87,LightGreen,green
2023-12-15,173,41940.30,3085.86,3093.55,-7.68,42267.77,41222.12,69.73,White,lightgreen
2023-12-16,174,42278.03,3024.00,3079.64,-55.63,42269.64,41322.68,69.85,White,lightgreen
2023-12-17,175,41374.65,2908.33,3045.38,-137.04,42106.91,41327.63,68.19,White,lightgreen
2023-12-18,176,42657.80,2868.79,3010.06,-141.26,42207.07,41454.31,68.08,White,lightgreen
2023-12-19,177,42275.99,2802.32,2968.51,-166.18,42219.60,41532.57,68.25,White,lightgreen
2023-12-20,178,43668.93,2812.11,2937.23,-125.12,42483.12,41736.03,69.57,White,lightgreen
2023-12-21,179,43861.80,2820.92,2913.97,-93.04,42733.78,41938.49,71.38,PureGreen,lightgreen
2023-12-22,180,43969.04,2824.05,2895.99,-71.93,42958.38,42131.87,72.31,PureGreen,lightgreen
2023-12-23,181,43702.16,2801.28,2877.05,-75.76,43093.61,42281.42,72.83,PureGreen,lightgreen
2023-12-24,182,42991.50,2731.20,2847.88,-116.67,43075.04,42349.05,71.41,PureGreen,lightgreen
2023-12-25,183,43576.13,2692.84,2816.87,-124.02,43166.15,42465.91,70.87,PureGreen,lightgreen
2023-12-26,184,42508.93,2589.65,2771.43,-181.77,43046.65,42470.01,68.85,White,lightgreen
2023-12-27,185,43428.85,2541.81,2725.50,-183.69,43116.14,42561.33,68.52,White,lightgreen
2023-12-28,186,42563.76,2442.27,2668.86,-226.58,43015.71,42561.56,67.72,White,lightgreen
2023-12-29,187,42066.95,2318.78,2598.84,-280.05,42843.21,42514.45,66.17,White,lightgreen
2023-12-30,188,42140.28,2206.89,2520.45,-313.56,42715.40,42478.82,65.76,White,lightgreen
2023-12-31,189,42283.58,2109.41,2438.24,-328.83,42636.89,42460.22,65.09,White,lightgreen
2024-01-01,190,44179.55,2123.00,2375.19,-252.19,42917.37,42623.97,67.42,White,lightgreen
2024-01-02,191,44946.91,2169.89,2334.13,-164.24,43286.38,42845.20,70.39,PureGreen,lightgreen
2024-01-03,192,42845.23,2084.79,2284.26,-199.47,43206.17,42845.20,69.92,White,lightgreen
2024-01-04,193,44151.10,2076.20,2242.65,-166.45,43377.97,42969.57,70.66,PureGreen,lightgreen
2024-01-05,194,44145.11,2060.63,2206.25,-145.61,43517.45,43081.53,70.09,PureGreen,lightgreen
2024-01-06,195,43968.32,2029.50,2170.90,-141.39,43599.43,43165.98,68.99,White,lightgreen
2024-01-07,196,43929.02,1992.66,2135.25,-142.58,43659.35,43238.65,69.46,White,lightgreen
2024-01-08,197,46951.04,2122.49,2132.70,-10.20,44257.84,43592.21,72.08,PureGreen,lightgreen
2024-01-09,198,46110.00,2180.31,2142.22,38.08,44594.59,43832.00,72.91,PureGreen,green
2024-01-10,199,46653.99,2252.90,2164.36,88.54,44969.03,44100.76,74.15,PureGreen,green
2024-01-11,200,46339.16,2289.95,2189.48,100.47,45218.14,44313.94,74.70,PureGreen,green
2024-01-12,201,42782.73,2114.37,2174.46,-60.08,44775.34,44168.11,70.25,PureGreen,lightgreen
2024-01-13,202,42847.99,1957.50,2131.06,-173.56,44424.91,44042.39,67.32,White,lightgreen
2024-01-14,203,41732.35,1751.32,2055.11,-303.79,43935.35,43822.38,64.02,White,lightgreen
2024-01-15,204,42511.10,1609.18,1965.93,-356.75,43676.40,43697.50,62.27,White,lightgreen
2024-01-16,205,43137.95,1514.72,1875.69,-360.96,43578.50,43644.21,63.14,White,lightgreen
2024-01-17,206,42776.10,1406.69,1781.89,-375.19,43432.61,43561.53,63.54,White,lightgreen
2024-01-18,207,41327.50,1226.37,1670.78,-444.41,43049.86,43348.76,63.21,White,lightgreen
2024-01-19,208,41659.03,1083.61,1553.35,-469.73,42796.98,43187.84,62.91,White,lightgreen
2024-01-20,209,41696.04,957.54,1434.19,-476.64,42596.81,43045.76,62.42,White,lightgreen
2024-01-21,210,41580.33,837.89,1314.93,-477.03,42411.99,42906.20,62.07,White,lightgreen
2024-01-22,211,39568.02,618.02,1175.55,-557.52,41894.91,42588.27,61.03,White,lightgreen
2024-01-23,212,39897.60,443.05,1029.05,-585.99,41531.76,42332.02,60.38,White,lightgreen
2024-01-24,213,40084.88,299.78,883.19,-583.41,41268.69,42118.00,60.05,PureRed,lightgreen
2024-01-25,214,39961.09,167.19,739.99,-572.80,41030.94,41912.58,59.74,PureRed,lightgreen
2024-01-26,215,41823.51,155.64,623.12,-467.48,41175.04,41904.10,62.35,PureRed,lightgreen
2024-01-27,216,42120.63,161.67,530.83,-369.16,41346.97,41924.72,64.62,PureRed,lightgreen
2024-01-28,217,42031.06,161.29,456.92,-295.63,41471.35,41934.85,66.26,PureRed,lightgreen
2024-01-29,218,43302.70,231.59,411.86,-180.26,41804.32,42065.12,69.10,PureRed,lightgreen
2024-01-30,219,42941.10,271.58,383.80,-112.21,42011.01,42148.55,69.76,PureRed,lightgreen
2024-01-31,220,42580.00,285.10,364.06,-78.95,42114.46,42189.64,69.61,PureRed,lightgreen
2024-02-01,221,43082.94,323.97,356.04,-32.07,42290.55,42274.71,70.17,PureGreen,lightgreen
2024-02-02,222,43200.00,363.10,357.46,5.64,42455.90,42362.83,70.04,PureGreen,green
2024-02-03,223,43011.09,385.18,363.00,22.17,42556.84,42424.57,69.87,White,green
2024-02-04,224,42582.88,378.94,366.19,12.75,42561.58,42439.65,69.25,LightGreen,green
2024-02-05,225,42708.70,379.15,368.78,10.37,42588.32,42465.27,68.63,LightGreen,green
2024-02-06,226,43098.95,399.78,374.98,24.80,42681.16,42525.62,68.69,White,green
2024-02-07,227,44349.60,486.29,397.24,89.04,42984.52,42699.33,70.73,PureGreen,green
2024-02-08,228,45288.65,612.28,440.25,172.02,43403.45,42945.93,73.88,PureGreen,green
2024-02-09,229,47132.77,822.82,516.76,306.05,44081.51,43344.68,78.05,PureGreen,green
2024-02-10,230,47751.09,1037.41,620.89,416.51,44748.70,43764.34,81.60,PureGreen,green
2024-02-11,231,48299.99,1250.83,746.88,503.94,45394.39,44196.30,83.99,PureGreen,green
2024-02-12,232,49917.27,1522.28,901.96,620.31,46216.73,44741.16,86.39,PureGreen,green
2024-02-13,233,49699.59,1740.36,1069.64,670.72,46849.98,45213.39,86.81,PureGreen,green
2024-02-14,234,51795.17,2040.84,1263.88,776.95,47749.10,45840.22,88.05,PureGreen,green
2024-02-15,235,51880.00,2299.17,1470.94,828.23,48500.17,46415.44,88.90,PureGreen,green
2024-02-16,236,52124.11,2528.82,1682.51,846.30,49159.07,46959.12,89.23,PureGreen,green
2024-02-17,237,51642.64,2692.03,1884.42,807.61,49610.63,47405.17,88.21,LightGreen,green
2024-02-18,238,52137.67,2851.59,2077.85,773.73,50070.09,47855.89,87.16,LightGreen,green
2024-02-19,239,51774.73,2959.30,2254.14,705.16,50380.02,48229.11,85.11,LightGreen,green
2024-02-20,240,52258.82,3069.00,2417.11,651.89,50721.62,48612.89,83.78,LightGreen,green
2024-02-21,241,51849.39,3129.97,2559.68,570.28,50926.67,48921.13,82.21,LightGreen,green
2024-02-22,242,51288.42,3139.84,2675.72,464.12,50992.44,49146.58,79.25,LightGreen,green
2024-02-23,243,50744.15,3106.21,2761.82,344.39,50947.30,49298.73,76.20,LightGreen,green
2024-02-24,244,51568.22,3111.54,2831.76,279.78,51060.19,49514.87,74.48,LightGreen,green
2024-02-25,245,51728.85,3113.55,2888.12,225.43,51181.76,49725.73,73.92,LightGreen,green
2024-02-26,246,54476.47,3257.60,2962.02,295.58,51780.80,50178.18,76.73,PureGreen,green
2024-02-27,247,57037.34,3514.12,3072.44,441.68,52736.53,50831.43,81.09,PureGreen,green
2024-02-28,248,62432.10,4026.21,3263.19,763.01,54499.36,51936.26,85.86,PureGreen,green
2024-02-29,249,61130.98,4383.43,3487.24,896.18,55705.11,52811.94,87.31,PureGreen,green
2024-03-01,250,62387.90,4747.99,3739.39,1008.60,56920.16,53723.94,87.67,PureGreen,green
2024-03-02,251,61987.28,5024.73,3996.46,1028.27,57841.46,54510.92,86.56,PureGreen,green
2024-03-03,252,63113.97,5309.64,4259.09,1050.55,58800.09,55330.26,85.24,PureGreen,green
2024-03-04,253,68245.71,5824.98,4572.27,1252.70,60517.48,56560.30,86.82,PureGreen,green
2024-03-05,254,63724.01,5997.87,4857.39,1140.48,61100.48,57242.56,82.87,LightGreen,green
2024-03-06,255,66074.04,6257.42,5137.40,1120.02,62004.76,58083.65,80.80,LightGreen,green
2024-03-07,256,66823.17,6501.64,5410.25,1091.39,62880.84,58915.99,79.15,LightGreen,green
2024-03-08,257,68124.19,6762.54,5680.71,1081.83,63834.17,59792.96,77.50,LightGreen,green
2024-03-09,258,68313.27,6974.67,5939.50,1035.17,64648.55,60604.42,78.73,LightGreen,green
2024-03-10,259,68955.88,7169.02,6185.40,983.61,65431.70,61399.79,79.57,LightGreen,green
2024-03-11,260,72078.10,7486.11,6445.55,1040.56,66640.14,62416.77,81.22,PureGreen,green
2024-03-12,261,71452.01,7698.71,6696.18,1002.53,67515.02,63277.27,81.56,LightGreen,green
2024-03-13,262,73072.41,7945.55,6946.05,999.49,68525.46,64210.14,82.37,LightGreen,green
2024-03-14,263,71388.94,8036.13,7164.07,872.06,69046.09,64893.84,80.97,LightGreen,green
2024-03-15,264,69499.85,7979.03,7327.06,651.96,69128.59,65332.50,77.58,LightGreen,green
2024-03-16,265,65300.63,7664.34,7394.52,269.82,68432.60,65329.47,72.75,LightGreen,green
2024-03-17,266,68393.48,7535.43,7422.70,112.73,68425.48,65621.28,69.83,LightGreen,green
2024-03-18,267,67609.99,7351.33,7408.43,-57.09,68277.21,65810.68,68.00,White,lightgreen
2024-03-19,268,61937.40,6846.06,7295.95,-449.89,67124.52,65441.80,65.22,White,lightgreen
2024-03-20,269,67840.51,6711.96,7179.15,-467.18,67254.70,65670.24,66.25,White,lightgreen
2024-03-21,270,65501.27,6439.28,7031.18,-591.89,66935.89,65654.15,65.62,White,lightgreen
2024-03-22,271,63796.64,6082.70,6841.48,-758.78,66365.12,65477.24,64.80,White,lightgreen
2024-03-23,272,63990.01,5760.84,6625.36,-864.51,65933.28,65335.60,65.26,White,lightgreen
2024-03-24,273,67209.99,5639.94,6428.27,-788.33,66165.41,65514.11,65.77,White,lightgreen
2024-03-25,274,69880.01,5663.35,6275.29,-611.93,66840.79,65929.91,67.50,White,lightgreen
2024-03-26,275,69988.00,5668.60,6153.95,-485.34,67413.01,66316.40,69.22,White,lightgreen
2024-03-27,276,69469.99,5622.97,6047.75,-424.78,67787.00,66616.74,70.31,PureGreen,lightgreen
2024-03-28,277,70780.60,5635.73,5965.35,-329.61,68331.29,67013.30,71.14,PureGreen,lightgreen
2024-03-29,278,69850.54,5573.67,5887.01,-313.34,68607.52,67283.51,70.81,PureGreen,lightgreen
2024-03-30,279,69582.18,5483.87,5806.39,-322.51,68784.73,67502.43,70.36,PureGreen,lightgreen
2024-03-31,280,71280.01,5480.45,5741.20,-260.75,69238.42,67862.20,70.93,PureGreen,lightgreen
2024-04-01,281,69649.80,5365.67,5666.09,-300.41,69313.21,68032.45,70.07,PureGreen,lightgreen
2024-04-02,282,65463.99,5011.36,5535.15,-523.78,68613.35,67787.83,67.74,White,lightgreen
2024-04-03,283,65963.28,4712.62,5370.64,-658.01,68131.52,67614.06,66.16,White,lightgreen
2024-04-04,284,68487.79,4576.76,5211.87,-635.10,68196.30,67697.28,65.65,White,lightgreen
2024-04-05,285,67820.62,4404.19,5050.33,-646.14,68127.99,67709.02,65.44,White,lightgreen
2024-04-06,286,68896.00,4297.98,4899.86,-601.88,68267.63,67822.07,66.75,White,lightgreen
2024-04-07,287,69360.39,4215.61,4763.01,-547.40,68466.31,67968.57,67.94,White,lightgreen
2024-04-08,288,71620.00,4254.85,4661.38,-406.52,69039.71,68316.33,69.46,White,lightgreen
2024-04-09,289,69146.00,4134.47,4556.00,-421.52,69059.03,68395.34,69.30,White,lightgreen
2024-04-10,290,70631.08,4097.59,4464.32,-366.72,69344.86,68608.27,69.62,White,lightgreen
2024-04-11,291,70006.23,4015.21,4374.50,-359.28,69465.11,68741.41,69.38,White,lightgreen
2024-04-12,292,67116.52,3766.72,4252.94,-486.21,69038.09,68586.66,67.15,White,lightgreen
2024-04-13,293,63924.51,3357.82,4073.92,-716.09,68108.35,68142.64,64.99,White,lightgreen
2024-04-14,294,65661.84,3087.16,3876.57,-789.40,67663.53,67906.38,63.70,White,lightgreen
2024-04-15,295,63419.99,2714.76,3644.21,-929.44,66891.97,67479.10,62.10,White,lightgreen
2024-04-16,296,63793.39,2401.82,3395.73,-993.91,66328.59,67128.08,61.72,White,lightgreen
2024-04-17,297,61277.37,1979.86,3112.55,-1132.69,65410.19,66570.87,61.22,White,lightgreen
2024-04-18,298,63470.08,1728.50,2835.74,-1107.24,65057.44,66275.56,61.47,PureRed,lightgreen
2024-04-19,299,63818.01,1523.04,2573.20,-1050.16,64832.09,66041.50,62.22,PureRed,lightgreen
2024-04-20,300,64940.59,1401.64,2338.89,-937.25,64851.82,65936.65,63.33,PureRed,lightgreen
2024-04-21,301,64941.15,1290.90,2129.29,-838.39,64868.06,65841.84,64.61,PureRed,lightgreen
2024-04-22,302,66819.32,1295.03,1962.44,-667.40,65222.83,65934.94,66.18,PureRed,lightgreen
2024-04-23,303,66414.00,1271.09,1824.17,-553.08,65439.41,65980.56,67.12,PureRed,lightgreen
2024-04-24,304,64289.59,1126.51,1684.64,-558.12,65230.35,65819.52,66.41,White,lightgreen
2024-04-25,305,64498.34,1008.31,1549.37,-541.05,65097.25,65693.69,65.97,PureRed,lightgreen
2024-04-26,306,63770.01,861.00,1411.70,-550.69,64855.94,65510.48,64.69,White,lightgreen
2024-04-27,307,63461.98,712.48,1271.85,-559.37,64602.49,65315.38,63.61,White,lightgreen
2024-04-28,308,63118.62,561.47,1129.78,-568.30,64332.69,65106.17,63.13,White,lightgreen
2024-04-29,309,63866.00,469.97,997.82,-527.84,64247.84,64988.06,63.29,PureRed,lightgreen
2024-04-30,310,60672.00,209.74,840.20,-630.45,63597.69,64577.00,62.05,White,lightgreen
2024-05-01,311,58364.97,-146.48,642.86,-789.35,62646.28,63985.38,60.41,White,red
2024-05-02,312,59060.61,-416.64,430.96,-847.60,61994.34,63516.35,59.64,White,red
2024-05-03,313,62882.01,-435.84,257.60,-693.44,62155.73,63455.94,61.08,LightBlue,red
2024-05-04,314,63892.04,-394.31,127.21,-521.53,62471.43,63497.47,63.59,LightBlue,red
2024-05-05,315,64012.00,-350.02,31.76,-381.79,62751.53,63546.48,66.07,LightBlue,red
2024-05-06,316,63165.19,-357.66,-46.11,-311.54,62826.74,63510.16,67.32,LightBlue,red
2024-05-07,317,62312.08,-410.75,-119.04,-291.71,62733.16,63396.06,66.64,LightBlue,red
2024-05-08,318,61193.03,-518.06,-198.84,-319.21,62453.14,63186.25,65.20,White,red
2024-05-09,319,63074.01,-504.04,-259.88,-244.15,62566.02,63175.56,65.26,LightBlue,red
2024-05-10,320,60799.99,-617.35,-331.38,-285.97,62244.93,62949.31,64.36,White,red
2024-05-11,321,60825.99,-712.10,-407.52,-304.57,61986.94,62747.09,63.89,White,red
2024-05-12,322,61483.99,-754.93,-477.00,-277.93,61895.49,62626.79,64.28,LightBlue,red
2024-05-13,323,62940.08,-707.78,-523.16,-184.61,62085.42,62656.63,64.98,LightBlue,red
2024-05-14,324,61577.49,-740.48,-566.62,-173.85,61993.06,62553.85,65.27,LightBlue,red
2024-05-15,325,66206.50,-506.81,-554.66,47.85,62759.14,62901.72,68.19,White,lightred
2024-05-16,326,65235.21,-356.21,-514.97,158.76,63209.34,63123.96,69.62,White,lightred
2024-05-17,327,67024.00,-123.75,-436.73,312.97,63902.91,63495.39,71.18,PureGreen,lightred
2024-05-18,328,66915.20,72.68,-334.84,407.53,64450.60,63821.09,72.82,PureGreen,green
2024-05-19,329,66274.01,207.25,-226.42,433.67,64782.13,64054.70,72.25,PureGreen,green
2024-05-20,330,71446.62,613.23,-58.49,671.73,65993.85,64758.69,74.62,PureGreen,green
2024-05-21,331,70148.34,891.12,131.43,759.69,66749.21,65271.99,74.94,PureGreen,green
2024-05-22,332,69166.62,1074.36,320.01,754.35,67188.74,65642.91,74.45,LightGreen,green
2024-05-23,333,67969.65,1162.58,488.53,674.05,67330.72,65864.50,73.46,LightGreen,green
2024-05-24,334,68549.99,1267.44,644.31,623.12,67552.41,66120.26,71.72,LightGreen,green
2024-05-25,335,69290.57,1395.34,794.52,600.82,67868.44,66422.20,71.29,LightGreen,green
2024-05-26,336,68507.67,1457.46,927.10,530.35,67984.66,66620.81,70.67,LightGreen,green
2024-05-27,337,69436.43,1558.04,1053.29,504.74,68248.62,66888.97,71.16,LightGreen,green
2024-05-28,338,68398.39,1581.50,1158.93,422.56,68275.85,67032.72,70.52,LightGreen,green
2024-05-29,339,67652.42,1554.20,1237.99,316.21,68162.50,67091.74,69.20,LightGreen,green
2024-05-30,340,68352.17,1563.86,1303.16,260.69,68196.98,67211.78,68.95,LightGreen,green
2024-05-31,341,67540.01,1520.92,1346.71,174.20,68077.53,67243.04,67.79,LightGreen,green
2024-06-01,342,67766.85,1490.62,1375.49,115.12,68021.04,67292.92,67.47,LightGreen,green
2024-06-02,343,67765.63,1458.65,1392.12,66.52,67974.60,67337.94,67.49,LightGreen,green
2024-06-03,344,68809.90,1483.91,1410.48,73.42,68126.47,67478.13,68.18,White,green
2024-06-04,345,70537.84,1597.13,1447.81,149.31,68564.90,67769.53,70.43,PureGreen,green
2024-06-05,346,71108.00,1721.52,1502.55,218.97,69027.28,68087.48,72.60,PureGreen,green
2024-06-06,347,70799.06,1805.92,1563.23,242.69,69349.42,68345.72,73.92,PureGreen,green
2024-06-07,348,69355.60,1791.68,1608.92,182.75,69350.55,68441.90,72.77,LightGreen,green
2024-06-08,349,69310.46,1770.07,1641.15,128.92,69343.26,68524.62,71.10,LightGreen,green
2024-06-09,350,69648.14,1763.60,1665.64,97.96,69398.69,68631.62,69.85,LightGreen,green
2024-06-10,351,69540.00,1745.33,1681.58,63.75,69424.38,68718.13,68.91,LightGreen,green
2024-06-11,352,67314.24,1598.23,1664.91,-66.67,69040.72,68584.43,66.84,White,lightgreen
2024-06-12,353,68263.99,1517.60,1635.45,-117.84,68899.49,68553.91,66.10,White,lightgreen
2024-06-13,354,66773.01,1358.32,1580.02,-221.70,68512.86,68384.30,64.21,White,lightgreen
2024-06-14,355,66043.99,1173.94,1498.81,-324.86,68063.97,68161.41,62.30,White,lightgreen
2024-06-15,356,66228.25,1019.60,1402.96,-383.36,67730.20,67977.30,62.02,White,lightgreen
2024-06-16,357,66676.87,906.77,1303.73,-396.95,67538.69,67853.45,61.80,White,lightgreen
2024-06-17,358,66504.33,795.62,1202.11,-406.48,67350.62,67724.96,62.05,White,lightgreen
2024-06-18,359,65175.32,621.59,1086.00,-464.41,66955.11,67482.14,61.54,White,lightgreen
2024-06-19,360,64974.37,456.72,960.14,-503.42,66594.98,67243.30,60.91,White,lightgreen
2024-06-20,361,64869.99,305.85,829.29,-523.43,66281.34,67017.27,60.09,White,lightgreen
2024-06-21,362,64143.56,132.86,690.00,-557.13,65892.65,66743.59,59.05,White,lightgreen
2024-06-22,363,64262.01,-11.36,549.73,-561.09,65596.17,66507.25,58.82,White,red
2024-06-23,364,63210.01,-195.64,400.65,-596.29,65162.32,66193.22,58.11,White,red
2024-06-24,365,60293.30,-518.49,216.82,-735.32,64277.05,65631.32,56.59,White,red
2024-06-25,366,61806.01,-712.46,30.96,-743.43,63827.77,65267.01,57.10,White,red
2024-06-26,367,60864.99,-931.13,-161.45,-769.68,63289.08,64847.77,57.06,White,red
2024-06-27,368,61706.47,-1070.60,-343.28,-727.32,63001.33,64548.60,58.14,LightBlue,red
2024-06-28,369,60427.84,-1259.47,-526.52,-732.95,62533.42,64156.14,58.93,White,red
2024-06-29,370,60986.68,-1387.64,-698.74,-688.89,62252.20,63854.29,59.36,LightBlue,red
2024-06-30,371,62772.01,-1393.86,-837.77,-556.09,62346.71,63751.21,61.53,LightBlue,red
2024-07-01,372,62899.99,-1386.88,-947.59,-439.29,62447.30,63670.14,63.01,LightBlue,red
2024-07-02,373,62135.47,-1418.47,-1041.77,-376.70,62390.60,63523.98,63.93,LightBlue,red
2024-07-03,374,60208.58,-1548.58,-1143.13,-405.45,61993.87,63208.23,63.31,White,red
2024-07-04,375,57050.01,-1832.85,-1281.07,-551.77,61094.99,62621.73,60.87,White,red
2024-07-05,376,56628.79,-2096.72,-1444.20,-652.51,60282.95,62050.98,58.72,White,red
2024-07-06,377,58230.13,-2228.54,-1601.07,-627.47,59909.71,61687.09,58.51,LightBlue,red
2024-07-07,378,55857.81,-2467.72,-1774.40,-693.31,59173.00,61131.92,58.09,White,red
2024-07-08,379,56714.62,-2618.42,-1943.20,-675.21,58726.02,60711.22,58.91,LightBlue,red
2024-07-09,380,58050.00,-2664.82,-2087.53,-577.29,58603.11,60457.77,60.59,LightBlue,red
2024-07-10,381,57725.85,-2713.37,-2212.70,-500.67,58443.60,60197.59,61.18,LightBlue,red
2024-07-11,382,57339.89,-2767.06,-2323.57,-443.48,58242.93,59925.43,61.87,LightBlue,red
2024-07-12,383,57889.10,-2772.62,-2413.38,-359.24,58178.59,59731.49,62.59,LightBlue,red
2024-07-13,384,59204.02,-2693.44,-2469.39,-224.05,58365.03,59681.25,63.79,LightBlue,red
2024-07-14,385,60797.91,-2525.26,-2480.57,-44.69,58807.37,59787.60,66.07,LightBlue,red
2024-07-15,386,64724.14,-2149.67,-2414.39,264.71,59883.15,60257.75,70.40,PureGreen,lightred
2024-07-16,387,65043.99,-1797.24,-2290.96,493.72,60821.48,60713.58,73.88,PureGreen,lightred
2024-07-17,388,64087.99,-1537.71,-2140.31,602.59,61415.39,61034.95,75.12,PureGreen,lightred
2024-07-18,389,63987.92,-1311.98,-1974.64,662.66,61883.12,61316.19,75.42,PureGreen,lightred
2024-07-19,390,66660.00,-961.16,-1771.94,810.78,62751.65,61825.12,76.04,PureGreen,lightred
2024-07-20,391,67139.96,-625.71,-1542.70,916.98,63549.52,62331.29,76.72,PureGreen,lightred
2024-07-21,392,68165.34,-274.34,-1289.03,1014.68,64388.76,62886.92,78.35,PureGreen,lightred
2024-07-22,393,67532.01,-3.35,-1031.89,1028.54,64960.26,63329.31,78.82,PureGreen,lightred
2024-07-23,394,65936.01,142.80,-796.95,939.76,65137.67,63577.56,76.53,LightGreen,green
2024-07-24,395,65376.00,237.96,-589.97,827.93,65181.00,63748.84,73.98,LightGreen,green
2024-07-25,396,65799.95,343.53,-403.26,746.80,65293.53,63944.19,71.92,LightGreen,green
2024-07-26,397,67907.99,552.12,-212.19,764.31,65768.89,64321.69,72.14,PureGreen,green
2024-07-27,398,67896.50,730.74,-23.60,754.34,66155.73,64662.15,73.24,LightGreen,green
2024-07-28,399,68249.88,903.08,161.73,741.34,66536.48,65003.84,74.68,LightGreen,green
2024-07-29,400,66784.69,967.43,322.87,644.55,66581.61,65173.44,73.81,LightGreen,green
2024-07-30,401,66188.00,986.33,455.56,530.76,66510.04,65270.07,71.76,LightGreen,green
2024-07-31,402,64628.00,911.68,546.78,364.89,66167.85,65208.92,68.75,LightGreen,green
2024-08-01,403,65354.02,884.05,614.24,269.81,66019.88,65222.73,66.78,LightGreen,green
2024-08-02,404,61498.33,640.73,619.54,21.19,65197.78,64868.03,63.90,LightGreen,green
2024-08-03,405,60697.99,381.99,572.03,-190.03,64379.64,64470.88,61.55,White,lightgreen
2024-08-04,406,58161.00,13.52,460.33,-446.80,63248.97,63869.94,59.53,White,lightgreen
2024-08-05,407,54018.81,-538.89,260.48,-799.37,61570.76,62931.74,56.78,White,red
2024-08-06,408,56022.01,-904.86,27.41,-932.27,60561.90,62273.67,56.76,White,red
2024-08-07,409,55134.16,-1269.34,-231.93,-1037.41,59575.03,61593.71,56.69,White,red
2024-08-08,410,61685.99,-1214.40,-428.42,-785.97,59958.84,61602.50,60.20,LightBlue,red
2024-08-09,411,60837.99,-1209.60,-584.66,-624.94,60118.69,61529.69,63.11,LightBlue,red
2024-08-10,412,60923.51,-1196.13,-706.95,-489.17,60265.02,61471.96,64.98,LightBlue,red
2024-08-11,413,58712.59,-1303.81,-826.32,-477.48,59982.76,61209.16,65.70,LightBlue,red
2024-08-12,414,59346.64,-1357.02,-932.46,-424.55,59867.10,61031.78,65.03,LightBlue,red
2024-08-13,415,60587.15,-1328.71,-1011.71,-316.99,59998.02,60989.43,65.29,LightBlue,red
2024-08-14,416,58683.39,-1405.80,-1090.53,-315.26,59758.99,60769.81,64.63,LightBlue,red
2024-08-15,417,57541.06,-1531.55,-1178.73,-352.81,59355.73,60462.31,64.10,White,red
2024-08-16,418,58874.60,-1560.44,-1255.07,-305.36,59268.25,60311.10,64.24,LightBlue,red
2024-08-17,419,59491.99,-1545.13,-1313.09,-232.04,59308.93,60233.09,64.38,LightBlue,red
2024-08-18,420,58427.35,-1585.70,-1367.61,-218.09,59148.64,60061.11,64.39,LightBlue,red
2024-08-19,421,59438.50,-1558.39,-1405.77,-152.62,59201.34,60001.81,65.23,LightBlue,red
2024-08-20,422,59013.80,-1552.63,-1435.14,-117.49,59167.24,59907.72,65.31,LightBlue,red
2024-08-21,423,61156.03,-1421.81,-1432.47,10.66,59528.84,60026.60,66.54,White,lightred
2024-08-22,424,60375.84,-1346.49,-1415.28,68.78,59682.84,60059.86,67.27,White,lightred
2024-08-23,425,64037.24,-1070.86,-1346.39,275.53,60474.55,60438.66,69.58,White,lightred
2024-08-24,426,64157.01,-820.56,-1241.23,420.66,61144.09,60792.79,71.66,PureGreen,lightred
2024-08-25,427,64220.00,-596.38,-1112.26,515.87,61703.34,61119.19,72.72,PureGreen,lightred
2024-08-26,428,62834.00,-476.92,-985.19,508.26,61908.91,61282.50,72.60,PureRed,lightred
2024-08-27,429,59415.00,-562.84,-900.72,337.87,61455.47,61104.65,69.42,PureRed,lightred
2024-08-28,430,59034.90,-656.72,-851.92,195.19,61015.37,60907.53,66.61,PureRed,lightred
2024-08-29,431,59359.01,-717.72,-825.08,107.36,60714.21,60760.05,64.51,White,lightred
2024-08-30,432,59123.99,-781.23,-816.31,35.08,60425.08,60604.23,63.28,White,lightred
2024-08-31,433,58973.99,-841.92,-821.43,-20.49,60161.24,60448.97,63.23,White,red
2024-09-01,434,57301.86,-985.22,-854.19,-131.02,59641.36,60149.25,62.40,White,red
2024-09-02,435,59132.13,-1003.56,-884.06,-119.49,59548.77,60052.38,63.00,LightBlue,red
2024-09-03,436,57487.73,-1107.88,-928.83,-179.05,59174.03,59808.12,62.67,White,red
2024-09-04,437,57970.90,-1167.36,-976.54,-190.82,58955.28,59633.15,62.80,White,red
2024-09-05,438,56180.00,-1315.04,-1044.24,-270.80,58450.68,59304.28,62.48,White,red
2024-09-06,439,53962.97,-1562.70,-1147.93,-414.77,57634.73,58795.58,60.74,White,red
2024-09-07,440,54160.86,-1761.07,-1270.56,-490.51,57003.12,58354.18,59.90,White,red
2024-09-08,441,54869.95,-1887.20,-1393.89,-493.31,56615.27,58022.35,59.58,White,red
2024-09-09,442,57042.00,-1868.12,-1488.73,-379.38,56692.86,57928.98,61.34,LightBlue,red
2024-09-10,443,57635.99,-1811.27,-1553.24,-258.03,56864.33,57901.08,63.59,LightBlue,red
2024-09-11,444,57338.00,-1771.78,-1596.95,-174.83,56950.45,57847.45,65.15,LightBlue,red
2024-09-12,445,58132.32,-1686.34,-1614.83,-71.51,57165.34,57874.58,66.77,LightBlue,red
2024-09-13,446,60498.00,-1473.24,-1586.51,113.26,57771.28,58124.43,68.97,White,lightred
2024-09-14,447,59993.03,-1310.78,-1531.37,220.58,58175.23,58302.39,70.06,PureGreen,lightred
2024-09-15,448,59132.00,-1212.90,-1467.67,254.76,58349.19,58381.40,70.26,PureGreen,lightred
2024-09-16,449,58213.99,-1174.72,-1409.08,234.36,58324.61,58365.46,69.37,White,lightred
2024-09-17,450,60313.99,-1019.49,-1331.16,311.67,58686.31,58551.03,69.32,White,lightred
2024-09-18,451,61759.99,-799.74,-1224.88,425.14,59245.16,58856.64,70.46,PureGreen,lightred
2024-09-19,452,62947.99,-539.17,-1087.74,548.56,59918.40,59246.30,72.51,PureGreen,lightred
2024-09-20,453,63201.05,-296.47,-929.48,633.01,60515.25,59622.94,74.72,PureGreen,lightred
2024-09-21,454,63348.96,-76.10,-758.81,682.70,61030.47,59977.80,75.86,PureGreen,lightred
2024-09-22,455,63578.76,128.61,-581.32,709.93,61493.79,60320.75,76.50,PureGreen,green
2024-09-23,456,63339.99,292.71,-406.51,699.23,61829.46,60608.29,76.26,LightGreen,green
2024-09-24,457,64262.70,485.96,-228.02,713.98,62271.87,60956.33,76.73,PureGreen,green
2024-09-25,458,63152.01,589.91,-64.43,654.34,62431.89,61165.44,75.30,LightGreen,green
2024-09-26,459,65173.99,791.34,106.72,684.62,62930.46,61547.21,75.59,PureGreen,green
2024-09-27,460,65769.95,996.88,284.75,712.12,63446.73,61949.37,76.42,PureGreen,green
2024-09-28,461,65858.00,1176.75,463.15,713.60,63885.14,62321.62,76.80,PureGreen,green
2024-09-29,462,65602.01,1314.38,633.40,680.98,64197.30,62634.04,77.51,LightGreen,green
2024-09-30,463,63327.59,1301.69,767.05,534.63,64039.17,62700.09,74.23,LightGreen,green
2024-10-01,464,60805.78,1144.52,842.55,301.97,63451.28,62519.68,69.49,LightGreen,green
2024-10-02,465,60649.28,994.85,873.01,121.84,62941.82,62341.55,65.49,LightGreen,green
2024-10-03,466,60752.71,866.83,871.77,-4.94,62543.80,62190.23,62.55,White,lightgreen
2024-10-04,467,62086.00,826.99,862.82,-35.82,62460.56,62180.30,62.92,White,lightgreen
2024-10-05,468,62058.00,787.71,847.80,-60.08,62387.37,62168.65,64.13,White,lightgreen
2024-10-06,469,62819.91,793.30,836.90,-43.59,62466.01,62230.68,65.89,White,lightgreen
2024-10-07,470,62224.00,761.82,821.88,-60.06,62422.01,62230.04,66.66,White,lightgreen
2024-10-08,471,62160.49,728.05,803.11,-75.06,62374.46,62223.42,66.61,White,lightgreen
2024-10-09,472,60636.02,610.57,764.61,-154.03,62058.38,62072.24,65.23,White,lightgreen
2024-10-10,473,60326.39,488.82,709.45,-220.63,61743.47,61905.96,63.51,White,lightgreen
2024-10-11,474,62540.00,505.17,668.59,-163.42,61888.29,61966.35,64.66,PureRed,lightgreen
2024-10-12,475,63206.22,554.82,645.84,-91.02,62127.92,62084.43,66.23,White,lightgreen
2024-10-13,476,62870.02,577.07,632.08,-55.01,62262.84,62159.25,67.80,White,lightgreen
2024-10-14,477,66083.99,774.31,660.53,113.78,62957.60,62533.03,71.75,PureGreen,green
2024-10-15,478,67074.14,998.35,728.09,270.25,63706.06,62965.52,74.49,PureGreen,green
2024-10-16,479,67620.01,1219.95,826.46,393.48,64417.68,63408.80,76.78,PureGreen,green
2024-10-17,480,67421.78,1396.93,940.56,456.37,64963.88,63790.99,78.51,PureGreen,green
2024-10-18,481,68428.00,1601.92,1072.83,529.09,65593.72,64232.61,79.34,PureGreen,green
2024-10-19,482,68378.00,1771.34,1212.53,558.80,66099.95,64627.41,79.60,PureGreen,green
2024-10-20,483,69031.99,1948.63,1359.75,588.87,66633.05,65046.89,80.12,PureGreen,green
2024-10-21,484,67377.50,2002.78,1488.36,514.42,66768.40,65268.85,77.82,LightGreen,green
2024-10-22,485,67426.00,2045.08,1599.70,445.38,66887.97,65474.30,75.64,LightGreen,green
2024-10-23,486,66668.65,2031.79,1686.12,345.67,66848.09,65588.04,72.84,LightGreen,green
2024-10-24,487,68198.28,2098.35,1768.57,329.78,67093.58,65836.64,71.70,LightGreen,green
2024-10-25,488,66698.33,2064.33,1827.72,236.61,67021.71,65918.70,70.38,LightGreen,green
2024-10-26,489,67092.76,2049.15,1872.01,177.14,67034.63,66030.52,69.62,LightGreen,green
2024-10-27,490,68021.70,2080.34,1913.67,166.67,67214.10,66220.15,70.36,LightGreen,green
2024-10-28,491,69962.21,2208.40,1972.62,235.78,67713.75,66576.54,71.77,PureGreen,green
2024-10-29,492,72736.42,2466.89,2071.47,395.41,68626.96,67163.19,75.50,PureGreen,green
2024-10-30,493,72344.74,2660.43,2189.26,471.16,69302.92,67656.67,77.77,PureGreen,green
2024-10-31,494,70292.01,2703.74,2292.16,411.57,69482.76,67907.66,76.64,LightGreen,green
2024-11-01,495,69496.01,2686.69,2371.06,315.62,69485.16,68058.93,74.22,LightGreen,green
2024-11-02,496,69374.74,2655.04,2427.86,227.18,69465.09,68184.24,71.30,LightGreen,green
2024-11-03,497,68775.99,2584.07,2459.10,124.97,69339.80,68240.60,68.65,LightGreen,green
2024-11-04,498,67850.01,2460.86,2459.45,1.40,69068.92,68203.40,66.98,LightGreen,green
2024-11-05,499,69372.01,2429.82,2453.53,-23.70,69124.03,68314.70,67.24,White,lightgreen
2024-11-06,500,75571.99,2741.10,2511.04,230.06,70296.39,69005.87,71.02,PureGreen,green
2024-11-07,501,75857.89,3017.48,2612.33,405.14,71307.57,69658.44,74.52,PureGreen,green
2024-11-08,502,76509.78,3282.97,2746.46,536.51,72253.42,70310.95,78.06,PureGreen,green
2024-11-09,503,76677.46,3510.89,2899.34,611.54,73057.79,70917.28,80.41,PureGreen,green
2024-11-10,504,80370.01,3902.78,3100.03,802.74,74387.29,71817.54,82.10,PureGreen,green
2024-11-11,505,88647.99,4692.61,3418.55,1274.06,76980.14,73420.44,85.40,PureGreen,green
2024-11-12,506,87952.01,5322.68,3799.37,1523.30,78975.02,74804.40,87.08,PureGreen,green
2024-11-13,507,90375.20,5986.26,4236.75,1749.50,81047.78,76287.33,88.90,PureGreen,green
2024-11-14,508,87325.59,6369.89,4663.38,1706.51,82189.20,77338.59,86.47,LightGreen,green
2024-11-15,509,91032.07,6887.23,5108.15,1779.08,83796.99,78642.73,84.46,PureGreen,green
2024-11-16,510,90586.92,7286.29,5543.78,1742.51,85031.53,79780.28,82.85,LightGreen,green
2024-11-17,511,89855.99,7565.02,5948.02,1616.99,85908.70,80739.87,80.62,LightGreen,green
2024-11-18,512,90464.08,7813.12,6321.04,1492.07,86736.95,81665.98,80.57,LightGreen,green
2024-11-19,513,92310.79,8103.07,6677.45,1425.62,87750.37,82679.77,80.64,LightGreen,green
2024-11-20,514,94286.56,8435.54,7029.07,1406.47,88938.77,83785.18,81.48,LightGreen,green
2024-11-21,515,98317.12,8918.85,7407.03,1511.82,90643.92,85169.17,83.52,PureGreen,green
2024-11-22,516,98892.00,9337.88,7793.20,1544.68,92143.57,86476.11,85.22,PureGreen,green
2024-11-23,517,97672.40,9598.93,8154.34,1444.58,93148.81,87542.42,84.87,LightGreen,green
2024-11-24,518,97900.04,9802.76,8484.03,1318.73,94012.67,88528.86,84.37,LightGreen,green
2024-11-25,519,93010.01,9669.38,8721.10,948.28,93830.37,88955.64,79.32,LightGreen,green
2024-11-26,520,91965.16,9458.79,8868.64,590.15,93491.24,89242.26,74.54,LightGreen,green
2024-11-27,521,95863.11,9458.77,8986.66,472.10,93922.49,89872.81,72.84,LightGreen,green
2024-11-28,522,95643.98,9411.16,9071.56,339.59,94235.49,90422.45,71.28,LightGreen,green
2024-11-29,523,97460.00,9436.35,9144.52,291.83,94821.76,91092.69,72.74,LightGreen,green
2024-11-30,524,96407.99,9364.07,9188.43,175.64,95110.16,91598.91,73.46,LightGreen,green
2024-12-01,525,97185.18,9309.81,9212.71,97.10,95487.44,92130.94,73.63,LightGreen,green
2024-12-02,526,95840.62,9152.54,9200.67,-48.12,95551.65,92484.24,72.84,PureGreen,lightgreen
2024-12-03,527,95849.69,8982.16,9156.97,-174.80,95605.84,92804.76,71.85,PureGreen,lightgreen
2024-12-04,528,98587.32,8953.87,9116.35,-162.47,96147.93,93355.48,72.73,PureGreen,lightgreen
2024-12-05,529,96945.63,8803.87,9053.86,-249.98,96292.96,93697.40,72.00,PureGreen,lightgreen
2024-12-06,530,99740.84,8797.19,9002.52,-205.33,96919.85,94272.96,73.13,PureGreen,lightgreen
2024-12-07,531,99831.99,8763.63,8954.74,-191.11,97449.33,94802.39,74.09,PureGreen,lightgreen
2024-12-08,532,101109.59,8773.30,8918.45,-145.15,98114.83,95403.08,74.81,PureGreen,lightgreen
2024-12-09,533,97276.47,8534.20,8841.60,-307.40,97962.40,95581.50,73.20,PureGreen,lightgreen
2024-12-10,534,96593.00,8256.19,8724.52,-468.32,97713.42,95677.83,70.88,PureGreen,lightgreen
2024-12-11,535,101125.00,8237.58,8627.13,-389.54,98333.70,96196.61,70.96,PureGreen,lightgreen
2024-12-12,536,100004.29,8127.86,8527.28,-399.42,98637.45,96559.24,70.02,PureGreen,lightgreen
2024-12-13,537,101424.25,8081.67,8438.16,-356.48,99144.14,97022.58,71.27,PureGreen,lightgreen
2024-12-14,538,101420.00,8011.09,8352.74,-341.65,99557.93,97441.38,72.47,PureGreen,lightgreen
2024-12-15,539,104463.99,8090.35,8300.27,-209.91,100449.94,98110.20,73.75,PureGreen,lightgreen
2024-12-16,540,106058.66,8218.38,8283.89,-65.51,101469.71,98867.19,75.76,PureGreen,lightgreen
2024-12-17,541,106133.74,8303.18,8287.75,15.43,102317.71,99559.24,77.13,PureGreen,green
2024-12-18,542,100204.01,8013.68,8232.93,-219.25,101933.40,99620.65,74.27,PureGreen,lightgreen
2024-12-19,543,97461.86,7578.48,8102.04,-523.56,101120.39,99415.05,70.24,PureGreen,lightgreen
2024-12-20,544,97805.44,7191.11,7919.86,-728.74,100517.67,99261.75,66.79,White,lightgreen
2024-12-21,545,97291.99,6798.75,7695.64,-896.88,99931.18,99074.16,63.76,White,lightgreen
2024-12-22,546,95186.27,6314.33,7419.37,-1105.04,99068.47,98703.88,62.54,White,lightgreen
2024-12-23,547,94881.47,5852.57,7106.01,-1253.44,98307.20,98339.84,61.96,White,lightgreen
2024-12-24,548,98663.58,5641.19,6813.05,-1171.85,98371.99,98370.67,63.29,White,lightgreen
2024-12-25,549,99429.60,5479.29,6546.30,-1067.00,98564.28,98471.52,64.82,White,lightgreen
2024-12-26,550,95791.60,5114.28,6259.89,-1145.61,98060.16,98216.29,64.90,White,lightgreen
2024-12-27,551,94299.03,4694.26,5946.77,-1252.50,97376.32,97843.22,64.53,White,lightgreen
2024-12-28,552,95300.00,4367.70,5630.95,-1263.25,96998.80,97601.01,63.78,White,lightgreen
2024-12-29,553,93738.20,3980.01,5300.76,-1320.75,96405.97,97233.12,62.44,White,lightgreen
2024-12-30,554,92792.05,3575.13,4955.64,-1380.50,95748.89,96810.16,61.82,White,lightgreen
2024-12-31,555,93576.00,3253.74,4615.26,-1361.51,95353.82,96502.15,61.98,PureRed,lightgreen
2025-01-01,556,94591.79,3019.12,4296.03,-1276.90,95215.27,96320.21,62.44,PureRed,lightgreen
2025-01-02,557,96984.79,2937.96,4024.42,-1086.45,95537.00,96383.50,64.38,PureRed,lightgreen
2025-01-03,558,98174.18,2923.06,3804.15,-881.08,96016.48,96554.04,66.72,PureRed,lightgreen
2025-01-04,559,98220.50,2901.79,3623.68,-721.88,96417.21,96712.75,68.45,PureRed,lightgreen
2025-01-05,560,98363.61,2880.48,3475.04,-594.55,96771.10,96869.97,69.66,PureRed,lightgreen
2025-01-06,561,102235.60,3068.11,3393.65,-325.53,97764.65,97380.99,72.07,PureGreen,lightgreen
2025-01-07,562,96954.61,2923.91,3299.70,-375.79,97617.37,97340.38,70.42,PureGreen,lightgreen
2025-01-08,563,95060.61,2681.53,3176.07,-494.54,97152.50,97123.26,68.32,White,lightgreen
2025-01-09,564,92552.49,2320.30,3004.92,-684.61,96316.13,96687.95,65.76,White,lightgreen
2025-01-10,565,94726.11,2119.40,2827.81,-708.40,96027.04,96501.10,63.60,White,lightgreen
2025-01-11,566,94599.99,1929.78,2648.21,-718.42,95767.57,96320.04,63.44,White,lightgreen
2025-01-12,567,94545.06,1754.67,2469.50,-714.83,95545.30,96151.00,63.66,PureRed,lightgreen
2025-01-13,568,94536.10,1595.39,2294.68,-699.29,95361.81,95997.20,64.24,PureRed,lightgreen
2025-01-14,569,96560.86,1564.40,2148.62,-584.22,95579.82,96050.88,65.38,PureRed,lightgreen
2025-01-15,570,100497.35,1752.15,2069.33,-317.17,96473.91,96474.35,68.24,PureRed,lightgreen
2025-01-16,571,99987.30,1880.24,2031.51,-151.26,97112.71,96808.92,70.23,PureGreen,lightgreen
2025-01-17,572,104077.48,2213.71,2067.95,145.75,98379.03,97501.16,73.55,PureGreen,green
2025-01-18,573,104556.23,2522.14,2158.79,363.35,99502.16,98173.07,75.87,PureGreen,green
2025-01-19,574,101331.57,2600.18,2247.07,353.11,99834.78,98473.88,74.47,LightGreen,green
2025-01-20,575,102260.01,2710.32,2339.72,370.60,100275.73,98834.46,73.91,PureGreen,green
2025-01-21,576,106143.82,3013.52,2474.48,539.04,101342.65,99530.59,74.11,PureGreen,green
2025-01-22,577,103706.66,3129.29,2605.44,523.85,101772.47,99928.31,72.60,LightGreen,green
2025-01-23,578,103910.34,3229.66,2730.28,499.37,102161.17,100307.55,72.62,LightGreen,green
2025-01-24,579,104870.50,3358.63,2855.95,502.67,102653.78,100742.12,72.84,PureGreen,green
2025-01-25,580,104746.85,3451.28,2975.02,476.25,103034.33,101123.52,72.18,LightGreen,green
2025-01-26,581,102620.00,3399.77,3059.97,339.79,102959.00,101266.04,70.99,LightGreen,green
2025-01-27,582,102082.83,3312.20,3110.41,201.78,102799.70,101343.83,69.67,LightGreen,green
2025-01-28,583,101335.52,3181.84,3124.70,57.14,102533.48,101343.04,67.95,LightGreen,green
2025-01-29,584,103733.24,3190.97,3137.95,53.01,102751.62,101570.68,67.90,LightGreen,green
2025-01-30,585,104722.94,3242.43,3158.85,83.58,103110.04,101870.89,69.08,White,green
2025-01-31,586,102429.56,3146.57,3156.39,-9.82,102986.31,101924.10,68.69,White,lightgreen
2025-02-01,587,100635.65,2951.00,3115.32,-164.31,102558.92,101801.39,67.67,White,lightgreen
2025-02-02,588,97700.59,2605.53,3013.36,-407.82,101675.59,101410.84,65.07,White,lightgreen
2025-02-03,589,101328.52,2498.74,2910.44,-411.69,101612.48,101403.00,64.42,White,lightgreen
2025-02-04,590,97763.13,2196.84,2767.72,-570.87,100912.60,101056.34,63.37,White,lightgreen
2025-02-05,591,96612.43,1861.73,2586.52,-724.78,100130.75,100633.11,62.62,White,lightgreen
2025-02-06,592,96554.35,1560.22,2381.26,-821.04,99480.49,100244.66,62.56,White,lightgreen
2025-02-07,593,96506.80,1289.63,2162.93,-873.30,98939.82,99888.67,61.61,White,lightgreen
2025-02-08,594,96444.74,1046.12,1939.57,-893.45,98486.17,99560.68,61.46,White,lightgreen
2025-02-09,595,96462.75,831.54,1717.96,-886.42,98118.27,99265.64,61.52,PureRed,lightgreen
2025-02-10,596,97430.82,696.14,1513.60,-817.45,97993.28,99090.89,62.24,PureRed,lightgreen
2025-02-11,597,95778.20,483.25,1307.53,-824.27,97590.54,98775.40,62.07,White,lightgreen
2025-02-12,598,97869.99,413.58,1128.74,-715.16,97641.35,98689.17,63.30,PureRed,lightgreen
2025-02-13,599,96608.14,280.78,959.15,-678.37,97453.49,98490.97,63.66,PureRed,lightgreen
2025-02-14,600,97500.48,214.28,810.17,-595.89,97462.03,98396.64,64.19,PureRed,lightgreen
2025-02-15,601,97569.66,159.54,680.05,-520.50,97481.60,98317.88,65.06,PureRed,lightgreen
2025-02-16,602,96118.12,30.05,550.05,-519.99,97233.69,98108.38,64.27,PureRed,lightgreen
2025-02-17,603,95780.00,-101.56,419.72,-521.29,96969.39,97886.63,63.77,White,red
2025-02-18,604,95671.74,-221.66,291.44,-513.11,96733.45,97675.69,63.01,LightBlue,red
2025-02-19,605,96644.37,-270.75,179.00,-449.76,96717.25,97577.46,63.20,LightBlue,red
2025-02-20,606,98305.00,-219.37,99.33,-318.70,97005.93,97646.75,65.09,LightBlue,red
2025-02-21,607,96181.98,-292.83,20.89,-313.73,96856.12,97507.25,65.22,LightBlue,red
2025-02-22,608,96551.01,-334.91,-50.26,-284.65,96800.65,97416.18,65.63,LightBlue,red
2025-02-23,609,96258.00,-386.66,-117.54,-269.12,96701.98,97305.88,65.35,LightBlue,red
2025-02-24,610,91552.88,-693.80,-232.79,-461.00,95765.78,96757.97,62.40,White,red
2025-02-25,611,88680.40,-1119.12,-410.06,-709.05,94477.53,95988.68,60.07,White,red
2025-02-26,612,84250.09,-1732.85,-674.62,-1058.23,92617.99,94870.72,57.36,White,red
2025-02-27,613,84708.58,-2234.21,-986.53,-1247.67,91179.92,93902.89,55.49,White,red
2025-02-28,614,84349.94,-2681.77,-1325.58,-1356.18,89938.10,92993.09,54.93,White,red
2025-03-01,615,86064.53,-2964.76,-1653.42,-1311.34,89233.82,92333.23,55.84,LightBlue,red
2025-03-02,616,94270.00,-2739.99,-1870.73,-869.25,90149.48,92517.68,60.72,LightBlue,red
2025-03-03,617,86220.61,-2985.31,-2093.65,-891.66,89435.14,91917.96,62.16,White,red
2025-03-04,618,87281.98,-3127.96,-2300.51,-827.45,89043.66,91476.44,63.71,LightBlue,red
2025-03-05,619,90606.01,-3054.06,-2451.22,-602.84,89327.72,91393.54,65.56,LightBlue,red
2025-03-06,620,89931.89,-3016.18,-2564.21,-451.96,89437.57,91254.33,64.95,LightBlue,red
2025-03-07,621,86801.75,-3147.34,-2680.84,-466.50,88958.33,90830.28,64.81,White,red
2025-03-08,622,86222.45,-3282.06,-2801.08,-480.97,88460.89,90391.44,64.37,White,red
2025-03-09,623,80734.37,-3694.36,-2979.74,-714.62,87056.07,89471.71,62.33,White,red
2025-03-10,624,78595.86,-4158.78,-3215.55,-943.23,85517.85,88435.92,60.43,White,red
2025-03-11,625,82932.99,-4303.98,-3433.23,-870.74,85047.87,87911.83,60.77,LightBlue,red
2025-03-12,626,83680.12,-4372.26,-3621.04,-751.22,84799.19,87508.81,61.37,LightBlue,red
2025-03-13,627,81115.78,-4558.95,-3808.62,-750.33,84129.48,86899.95,61.83,LightBlue,red
2025-03-14,628,83983.20,-4543.57,-3955.61,-587.96,84102.88,86622.16,63.36,LightBlue,red
2025-03-15,629,84338.44,-4493.34,-4063.16,-430.17,84145.71,86404.66,64.00,LightBlue,red
2025-03-16,630,82574.53,-4531.70,-4156.87,-374.83,83860.04,86039.89,63.89,LightBlue,red
2025-03-17,631,84010.03,-4467.70,-4219.03,-248.67,83887.31,85846.57,64.64,LightBlue,red
2025-03-18,632,82715.03,-4467.94,-4268.81,-199.12,83674.17,85548.33,64.36,LightBlue,red
2025-03-19,633,86845.94,-4220.03,-4259.06,39.02,84250.85,85671.91,65.64,White,lightred
2025-03-20,634,84223.39,-4135.69,-4234.38,98.69,84245.86,85533.95,65.99,White,lightred
2025-03-21,635,84088.79,-4054.46,-4198.40,143.93,84217.30,85396.32,65.96,White,lightred
2025-03-22,636,83840.59,-3982.62,-4155.24,172.62,84148.81,85248.15,66.05,White,lightred
2025-03-23,637,86082.50,-3779.70,-4080.13,300.43,84500.39,85327.61,66.30,White,lightred
2025-03-24,638,87498.16,-3509.87,-3966.08,456.20,85045.43,85534.33,67.58,White,lightred
2025-03-25,639,87392.87,-3268.11,-3826.49,558.37,85472.24,85711.34,68.60,White,lightred
2025-03-26,640,86909.17,-3072.85,-3675.76,602.91,85733.50,85825.41,69.18,White,lightred
2025-03-27,641,87232.01,-2873.54,-3515.32,641.77,86005.95,85959.38,69.35,White,lightred
2025-03-28,642,84424.38,-2846.85,-3381.62,534.77,85718.39,85813.19,67.65,White,lightred
2025-03-29,643,82648.54,-2912.50,-3287.80,375.29,85160.24,85511.79,65.55,White,lightred
2025-03-30,644,82389.99,-2973.17,-3224.87,251.69,84656.56,85214.48,63.89,White,lightred
2025-03-31,645,82550.01,-3005.85,-3181.07,175.21,84273.55,84960.72,62.54,White,lightred
2025-04-01,646,85158.34,-2876.90,-3120.23,243.33,84434.42,84979.54,63.80,White,lightred
2025-04-02,647,82516.29,-2902.08,-3076.60,174.52,84085.67,84744.94,63.89,White,lightred
2025-04-03,648,83213.09,-2874.09,-3036.10,162.01,83927.01,84599.05,64.41,White,lightred
2025-04-04,649,83889.87,-2801.11,-2989.10,187.99,83920.26,84531.51,65.19,White,lightred
2025-04-05,650,83537.99,-2746.92,-2940.67,193.74,83850.76,84436.89,64.83,White,lightred
2025-04-06,651,78430.00,-2975.72,-2947.68,-28.04,82865.16,83864.80,63.21,White,red
2025-04-07,652,79163.24,-3122.42,-2982.63,-139.79,82192.09,83417.03,62.10,White,red
2025-04-08,653,76322.42,-3397.43,-3065.59,-331.84,81124.87,82741.36,60.22,White,red
2025-04-09,654,82615.22,-3271.26,-3106.72,-164.54,81395.84,82729.34,61.67,LightBlue,red
2025-04-10,655,79607.30,-3317.88,-3148.95,-168.92,81070.65,82432.00,62.81,White,red
2025-04-11,656,83423.84,-3132.20,-3145.60,13.39,81498.50,82526.46,64.95,White,lightred
2025-04-12,657,85276.90,-2855.29,-3087.54,232.25,82185.48,82788.41,67.72,White,lightred
2025-04-13,658,83760.00,-2688.88,-3007.81,318.92,82471.76,82880.94,67.90,White,lightred
2025-04-14,659,84591.58,-2487.60,-2903.77,416.16,82857.18,83043.86,68.88,White,lightred
2025-04-15,660,83643.99,-2356.43,-2794.30,437.87,83000.24,83101.01,68.55,White,lightred
2025-04-16,661,84030.38,-2211.96,-2677.83,465.87,83187.53,83189.53,68.13,White,lightred
2025-04-17,662,84947.91,-2026.70,-2547.61,520.90,83507.60,83356.99,68.53,White,lightred
2025-04-18,663,84474.69,-1884.61,-2415.01,530.39,83683.43,83463.44,68.42,White,lightred
2025-04-19,664,85077.01,-1720.31,-2276.07,555.75,83936.81,83617.11,68.86,White,lightred
2025-04-20,665,85179.24,-1565.33,-2133.92,568.58,84162.71,83765.88,69.20,White,lightred
2025-04-21,666,87516.23,-1293.84,-1965.90,672.06,84772.44,84123.06,70.54,PureGreen,lightred
2025-04-22,667,93442.99,-720.98,-1716.92,995.94,86348.90,85010.67,74.20,PureGreen,lightred
2025-04-23,668,93691.08,-206.41,-1414.81,1208.40,87683.84,85837.38,77.12,PureGreen,lightred
2025-04-24,669,93980.47,257.87,-1080.28,1338.15,88828.68,86612.91,79.59,PureGreen,green
2025-04-25,670,94638.68,697.38,-724.74,1422.13,89885.04,87377.27,81.22,PureGreen,green
2025-04-26,671,94628.00,1076.24,-364.54,1440.79,90747.40,88067.81,81.33,PureGreen,green
2025-04-27,672,93749.30,1352.32,-21.17,1373.50,91293.20,88608.91,80.22,LightGreen,green
2025-04-28,673,95011.18,1657.96,314.65,1343.31,91969.19,89218.65,79.89,LightGreen,green
2025-04-29,674,94256.82,1875.19,626.76,1248.43,92385.13,89698.47,78.52,LightGreen,green
2025-04-30,675,94172.00,2052.27,911.86,1140.41,92710.01,90124.52,77.29,LightGreen,green
2025-05-01,676,96489.91,2328.40,1195.17,1133.22,93397.26,90730.75,78.13,LightGreen,green
2025-05-02,677,96887.14,2581.98,1472.53,1109.45,94031.79,91317.07,78.71,LightGreen,green
2025-05-03,678,95856.42,2735.03,1725.03,1010.00,94363.54,91749.39,78.18,LightGreen,green
2025-05-04,679,94277.62,2769.41,1933.91,835.50,94347.91,91990.17,76.02,LightGreen,green
2025-05-05,680,94733.68,2814.51,2110.03,704.47,94418.05,92251.46,73.91,LightGreen,green
2025-05-06,681,96834.02,2960.86,2280.19,680.66,94857.32,92687.89,73.42,LightGreen,green
2025-05-07,682,97030.50,3088.03,2441.76,646.26,95252.44,93101.47,73.87,LightGreen,green
2025-05-08,683,103261.60,3536.13,2660.63,875.49,96708.65,94069.10,77.92,PureGreen,green
2025-05-09,684,102971.99,3896.21,2907.75,988.46,97847.44,94917.00,80.70,PureGreen,green
2025-05-10,685,104809.53,4297.62,3185.73,1111.89,99113.27,95859.14,82.94,PureGreen,green
2025-05-11,686,104118.00,4591.77,3466.93,1124.83,100023.22,96645.70,83.74,PureGreen,green
2025-05-12,687,102791.32,4755.99,3724.75,1031.24,100526.51,97231.00,81.36,LightGreen,green
2025-05-13,688,104103.72,4954.51,3970.70,983.81,101176.91,97885.54,80.21,LightGreen,green
2025-05-14,689,103507.82,5075.19,4191.60,883.59,101600.71,98421.00,78.24,LightGreen,green
2025-05-15,690,103763.71,5175.47,4388.37,787.10,101993.98,98929.83,77.24,LightGreen,green
2025-05-16,691,103463.90,5226.52,4556.00,670.52,102261.24,99361.64,76.85,LightGreen,green
2025-05-17,692,103126.65,5232.48,4691.30,541.18,102418.59,99720.21,75.78,LightGreen,green
2025-05-18,693,106454.26,5404.55,4833.95,570.59,103152.34,100361.55,77.15,PureGreen,green
2025-05-19,694,105573.74,5484.60,4964.08,520.52,103592.60,100857.95,77.02,LightGreen,green
2025-05-20,695,106849.99,5605.21,5092.30,512.90,104184.85,101428.62,77.79,LightGreen,green
2025-05-21,696,109643.99,5845.64,5242.97,602.66,105177.42,102211.04,79.91,PureGreen,green
2025-05-22,697,111696.21,6147.78,5423.93,723.84,106362.65,103114.38,81.47,PureGreen,green
2025-05-23,698,107318.30,6142.20,5567.59,574.61,106536.41,103514.76,78.86,LightGreen,green
2025-05-24,699,107761.91,6139.27,5681.92,457.34,106759.22,103919.25,76.60,LightGreen,green
2025-05-25,700,109004.19,6183.38,5782.22,401.16,107167.40,104403.53,74.69,LightGreen,green
2025-05-26,701,109434.79,6222.76,5870.33,352.43,107579.65,104882.69,72.95,LightGreen,green
2025-05-27,702,108938.17,6205.93,5937.45,268.48,107826.65,105268.93,73.28,LightGreen,green
2025-05-28,703,107781.78,6103.33,5970.62,132.71,107818.49,105508.25,72.43,LightGreen,green
2025-05-29,704,105589.75,5868.55,5950.21,-81.65,107413.27,105516.01,69.93,White,lightgreen
2025-05-30,705,103985.48,5552.67,5870.70,-318.03,106790.03,105370.24,66.93,White,lightgreen
2025-05-31,706,104591.88,5291.31,5754.82,-463.51,106390.37,105296.11,65.10,White,lightgreen
2025-06-01,707,105642.93,5103.24,5624.51,-521.26,106254.47,105329.14,64.78,White,lightgreen
2025-06-02,708,105857.99,4932.74,5486.15,-553.41,106182.38,105379.51,65.42,White,lightgreen
2025-06-03,709,105376.89,4739.15,5336.75,-597.60,106035.93,105379.26,66.01,White,lightgreen
2025-06-04,710,104696.86,4515.07,5172.42,-657.34,105792.46,105314.27,65.83,White,lightgreen
2025-06-05,711,101508.68,4124.81,4962.89,-838.08,105013.59,104951.83,63.73,White,lightgreen
2025-06-06,712,104288.44,3925.89,4755.49,-829.60,104881.74,104888.65,63.73,PureRed,lightgreen
2025-06-07,713,105552.15,3809.10,4566.21,-757.11,105003.63,104951.84,64.65,White,lightgreen
2025-06-08,714,105734.00,3703.54,4393.68,-690.13,105136.43,105026.33,65.76,White,lightgreen
2025-06-09,715,110263.02,3851.68,4285.28,-433.60,106068.53,105525.06,69.88,White,lightgreen
2025-06-10,716,110274.39,3966.70,4221.56,-254.86,106833.23,105977.38,72.36,PureGreen,lightgreen
2025-06-11,717,108645.12,3960.60,4169.37,-208.77,107162.67,106231.45,72.63,PureGreen,lightgreen
2025-06-12,718,105671.73,3773.92,4090.28,-316.35,106891.59,106178.14,71.00,PureGreen,lightgreen
2025-06-13,719,106066.59,3619.67,3996.16,-376.48,106741.59,106167.52,68.68,White,lightgreen
2025-06-14,720,105414.64,3435.55,3884.04,-448.48,106500.32,106095.81,66.42,White,lightgreen
2025-06-15,721,105594.01,3272.71,3761.77,-489.06,106335.54,106048.02,65.37,White,lightgreen
2025-06-16,722,106794.53,3186.19,3646.65,-460.46,106418.99,106119.12,66.21,White,lightgreen
2025-06-17,723,104551.17,2973.40,3512.00,-538.60,106079.39,105969.79,65.43,White,lightgreen
2025-06-18,724,104886.78,2796.12,3368.83,-572.70,105862.55,105866.65,65.20,White,lightgreen
2025-06-19,725,104658.59,2618.79,3218.82,-600.02,105643.64,105751.59,64.81,White,lightgreen
2025-06-20,726,103297.99,2378.63,3050.78,-672.14,105217.16,105517.92,63.36,White,lightgreen
2025-06-21,727,102120.01,2095.00,2859.62,-764.62,104654.04,105194.30,62.31,White,lightgreen
2025-06-22,728,100963.87,1775.84,2642.87,-867.02,103983.10,104791.41,60.88,White,lightgreen
2025-06-23,729,105333.93,1736.59,2461.61,-725.02,104228.71,104843.07,62.65,PureRed,lightgreen
2025-06-24,730,106083.00,1737.95,2316.88,-578.92,104565.85,104961.16,64.90,PureRed,lightgreen
2025-06-25,731,107340.58,1803.10,2214.12,-411.02,105070.34,105187.77,67.72,PureRed,lightgreen
2025-06-26,732,106947.06,1830.95,2137.49,-306.54,105411.56,105355.32,69.95,White,lightgreen
2025-06-27,733,107047.59,1853.95,2080.78,-226.83,105709.02,105516.49,70.39,PureGreen,lightgreen
2025-06-28,734,107296.79,1880.98,2040.82,-159.83,105997.71,105686.04,70.72,PureGreen,lightgreen
2025-06-29,735,108356.93,1956.85,2024.03,-67.17,106426.66,105940.41,71.39,PureGreen,lightgreen
2025-06-30,736,107146.50,1947.68,2008.76,-61.08,106557.54,106055.28,70.85,PureGreen,lightgreen
2025-07-01,737,105681.14,1850.34,1977.07,-126.73,106398.19,106019.65,69.20,White,lightgreen
2025-07-02,738,108849.60,1936.31,1968.92,-32.60,106843.90,106289.16,69.86,White,lightgreen
2025-07-03,739,109584.78,2045.01,1984.14,60.86,107342.24,106603.03,70.46,PureGreen,green
2025-07-04,740,107984.24,2042.19,1995.75,46.44,107458.97,106734.57,70.17,LightGreen,green
2025-07-05,741,108198.12,2044.09,2005.42,38.67,107593.36,106873.96,70.66,LightGreen,green
2025-07-06,742,109203.84,2094.46,2023.23,71.23,107886.17,107095.85,70.68,PureGreen,green
2025-07-07,743,108262.94,2077.71,2034.12,43.58,107954.67,107207.00,69.63,LightGreen,green
2025-07-08,744,108922.98,2092.36,2045.77,46.59,108130.73,107370.43,69.94,White,green
2025-07-09,745,111233.99,2226.75,2081.97,144.78,108694.96,107738.39,71.63,PureGreen,green
2025-07-10,746,116010.00,2602.82,2186.14,416.68,110024.96,108526.16,74.95,PureGreen,green
2025-07-11,747,117527.66,3005.04,2349.92,655.11,111389.09,109383.44,78.65,PureGreen,green
2025-07-12,748,117420.00,3337.42,2547.42,790.00,112485.62,110148.83,81.30,PureGreen,green
2025-07-13,749,119086.64,3707.26,2779.39,927.87,113685.80,111000.05,83.35,PureGreen,green
2025-07-14,750,119841.18,4057.18,3034.94,1022.23,114804.96,111842.06,84.17,PureGreen,green
2025-07-15,751,117758.09,4229.50,3273.86,955.64,115341.89,112405.49,81.83,LightGreen,green
2025-07-16,752,118630.43,4412.37,3501.56,910.81,115939.81,112998.34,80.39,LightGreen,green
2025-07-17,753,119177.56,4585.51,3718.35,867.16,116528.49,113586.84,79.17,LightGreen,green
2025-07-18,754,117924.84,4648.71,3904.42,744.29,116782.37,113999.98,76.54,LightGreen,green
2025-07-19,755,117840.00,4681.54,4059.85,621.69,116974.67,114365.70,75.67,LightGreen,green
2025-07-20,756,117265.12,4660.38,4179.95,480.42,117027.47,114641.83,74.09,LightGreen,green
2025-07-21,757,117380.36,4631.04,4270.17,360.86,117091.63,114902.64,72.75,LightGreen,green
2025-07-22,758,119954.42,4732.44,4362.62,369.81,117612.14,115383.77,74.08,PureGreen,green
2025-07-23,759,118755.99,4735.78,4437.25,298.52,117820.11,115704.93,73.74,LightGreen,green
2025-07-24,760,118340.99,4697.74,4489.35,208.38,117914.82,115955.98,73.33,LightGreen,green
2025-07-25,761,117614.31,4606.41,4512.76,93.65,117860.18,116113.92,72.19,LightGreen,green
2025-07-26,762,117919.99,4526.95,4515.60,11.34,117871.05,116285.92,70.66,LightGreen,green
2025-07-27,763,119415.55,4524.75,4517.43,7.32,118151.87,116583.98,71.28,LightGreen,green
2025-07-28,764,118062.32,4430.13,4499.97,-69.84,118135.59,116724.78,70.50,PureGreen,lightgreen
2025-07-29,765,117950.76,4325.08,4464.99,-139.91,118101.98,116841.54,70.14,PureGreen,lightgreen
2025-07-30,766,117840.30,4211.42,4414.28,-202.85,118054.40,116936.66,69.60,White,lightgreen
2025-07-31,767,115764.08,3980.58,4327.54,-346.96,117637.98,116824.98,66.79,White,lightgreen
2025-08-01,768,113297.93,3626.88,4187.41,-560.52,116848.88,116489.07,63.94,White,lightgreen
2025-08-02,769,112546.35,3263.77,4002.68,-738.90,116066.60,116113.57,61.36,White,lightgreen
2025-08-03,770,114208.80,3029.07,3807.96,-778.88,115728.82,115932.17,60.64,White,lightgreen
2025-08-04,771,115055.03,2861.14,3618.60,-757.45,115606.31,115848.63,61.60,PureRed,lightgreen
2025-08-05,772,114129.75,2652.65,3425.41,-772.76,115337.84,115684.93,62.46,White,lightgreen
2025-08-06,773,114992.27,2509.82,3242.29,-732.47,115275.01,115618.96,64.01,PureRed,lightgreen
2025-08-07,774,117472.01,2515.20,3096.87,-581.66,115674.46,115795.44,66.40,PureRed,lightgreen
2025-08-08,775,116674.74,2465.83,2970.66,-504.83,115856.33,115879.18,67.37,PureRed,lightgreen
2025-08-09,776,116462.25,2401.79,2856.89,-455.09,115966.50,115934.71,68.26,White,lightgreen
2025-08-10,777,119294.01,2495.80,2784.67,-288.87,116571.50,116254.64,70.57,PureGreen,lightgreen
2025-08-11,778,118686.00,2534.14,2734.56,-200.42,116955.95,116486.20,70.95,PureGreen,lightgreen
2025-08-12,779,120134.08,2639.12,2715.48,-76.35,117533.79,116833.62,72.51,PureGreen,lightgreen
2025-08-13,780,123306.43,2898.25,2752.03,146.21,118583.36,117450.08,75.54,PureGreen,green
2025-08-14,781,118295.09,2831.93,2768.01,63.92,118530.95,117530.55,73.11,LightGreen,green
2025-08-15,782,117342.05,2710.31,2756.47,-46.15,118314.78,117512.60,70.95,PureGreen,lightgreen
2025-08-16,783,117380.66,2596.63,2724.50,-127.86,118144.94,117500.03,68.74,White,lightgreen
2025-08-17,784,117405.01,2489.48,2677.50,-188.01,118010.41,117490.98,66.12,White,lightgreen
2025-08-18,785,116227.05,2321.05,2606.21,-285.16,117686.16,117370.61,65.28,White,lightgreen
2025-08-19,786,112872.94,1978.05,2480.58,-502.52,116811.03,116942.26,63.45,White,lightgreen
2025-08-20,787,114271.24,1750.85,2334.63,-583.78,116349.25,116687.88,62.75,White,lightgreen
2025-08-21,788,112500.00,1447.57,2157.22,-709.64,115649.38,116289.03,61.52,White,lightgreen
2025-08-22,789,116935.99,1427.05,2011.18,-584.13,115883.31,116350.64,63.13,PureRed,lightgreen
2025-08-23,790,115438.05,1319.96,1872.94,-552.98,115802.35,116263.73,64.45,PureRed,lightgreen
2025-08-24,791,113493.59,1113.00,1720.95,-607.94,115382.58,115999.91,64.36,White,lightgreen
2025-08-25,792,110111.98,739.50,1524.66,-785.16,114424.29,115439.15,63.60,White,lightgreen
2025-08-26,793,111763.22,504.57,1320.64,-816.07,113940.46,115089.06,62.60,White,lightgreen
2025-08-27,794,111262.01,270.38,1110.59,-840.21,113453.46,114724.58,61.96,White,lightgreen
2025-08-28,795,112566.90,138.90,916.25,-777.35,113292.27,114519.09,62.47,PureRed,lightgreen
2025-08-29,796,108377.40,-210.61,690.88,-901.49,112398.66,113934.16,62.09,White,red
2025-08-30,797,108816.33,-489.07,454.88,-943.96,111747.32,113446.75,61.61,White,red
2025-08-31,798,108246.35,-761.23,211.66,-972.89,111110.78,112951.47,61.14,White,red
2025-09-01,799,109237.42,-939.45,-18.55,-920.89,110770.17,112597.75,60.96,LightBlue,red
2025-09-02,800,111240.01,-978.67,-210.58,-768.09,110855.59,112468.44,62.53,LightBlue,red
2025-09-03,801,111705.71,-983.02,-365.07,-617.95,111010.16,112395.80,63.97,LightBlue,red
2025-09-04,802,110730.87,-1037.74,-499.60,-538.14,110959.38,112237.24,64.74,LightBlue,red
2025-09-05,803,110659.99,-1085.41,-616.76,-468.64,110904.94,112087.02,65.07,LightBlue,red
2025-09-06,804,110187.97,-1149.23,-723.26,-425.97,110774.58,111906.16,64.56,LightBlue,red
2025-09-07,805,111137.34,-1147.24,-808.05,-339.18,110840.54,111832.94,64.68,LightBlue,red
2025-09-08,806,112065.23,-1089.23,-864.29,-224.94,111063.21,111855.06,65.67,LightBlue,red
2025-09-09,807,111546.39,-1063.81,-904.19,-159.61,111151.06,111825.66,66.11,LightBlue,red
2025-09-10,808,113960.00,-902.52,-903.86,1.33,111661.77,112028.93,68.26,White,lightred
2025-09-11,809,115482.69,-673.64,-857.82,184.17,112356.49,112357.86,70.61,PureGreen,lightred
2025-09-12,810,116029.42,-441.54,-774.56,333.02,113024.29,112707.53,72.52,PureGreen,lightred
2025-09-13,811,115918.29,-244.35,-668.52,424.17,113550.47,113013.32,74.15,PureGreen,lightred
2025-09-14,812,115268.01,-108.45,-556.50,448.05,113862.75,113228.05,73.89,PureGreen,lightred
2025-09-15,813,115349.71,14.65,-442.27,456.93,114133.11,113430.11,73.28,PureGreen,green
2025-09-16,814,116788.96,202.25,-313.36,515.62,114615.99,113750.00,73.71,PureGreen,green
2025-09-17,815,116447.59,345.44,-181.60,527.05,114949.01,114006.92,73.64,PureGreen,green
2025-09-18,816,117073.53,503.69,-44.54,548.24,115335.28,114298.97,74.46,PureGreen,green
2025-09-19,817,115632.38,558.64,76.09,482.55,115389.30,114425.96,73.21,LightGreen,green
2025-09-20,818,115685.63,607.30,182.33,424.97,115443.18,114545.93,71.69,LightGreen,green
2025-09-21,819,115232.29,621.94,270.25,351.68,115404.83,114611.30,70.14,LightGreen,green
2025-09-22,820,112650.99,487.73,313.75,173.97,114904.13,114424.60,66.49,LightGreen,green
2025-09-23,821,111998.80,332.70,317.54,15.16,114375.89,114193.57,64.07,LightGreen,green
2025-09-24,822,113307.00,269.98,308.03,-38.04,114181.55,114109.14,63.24,White,lightgreen
2025-09-25,823,108994.49,-27.13,240.99,-268.13,113238.44,113622.03,60.80,White,red
2025-09-26,824,109643.46,-248.95,143.00,-391.96,112584.81,113243.12,60.33,White,red
2025-09-27,825,109635.85,-441.28,26.14,-467.43,112048.63,112899.57,60.13,White,red
2025-09-28,826,112163.95,-465.18,-72.11,-393.07,112069.60,112829.51,61.24,LightBlue,red
2025-09-29,827,114311.96,-363.89,-130.47,-233.42,112477.30,112970.69,64.54,LightBlue,red
2025-09-30,828,114048.93,-289.22,-162.22,-126.99,112763.05,113073.38,66.81,LightBlue,red
2025-10-01,829,118594.99,31.45,-123.48,154.94,113823.40,113599.25,71.13,PureGreen,green
2025-10-02,830,120529.35,418.46,-15.09,433.55,115042.66,114259.26,74.56,PureGreen,green
2025-10-03,831,122232.00,848.70,157.66,691.04,116349.82,115018.57,77.36,PureGreen,green
2025-10-04,832,122391.00,1228.44,371.81,856.62,117448.21,115720.70,79.81,PureGreen,green
2025-10-05,833,123482.31,1615.09,620.47,994.61,118545.32,116459.90,81.03,PureGreen,green
2025-10-06,834,124658.54,2011.06,898.59,1112.47,119656.81,117240.72,82.10,PureGreen,green
2025-10-07,835,121332.95,2161.45,1151.16,1010.28,119961.56,117630.46,79.10,LightGreen,green
2025-10-08,836,123306.00,2394.64,1399.85,994.78,120569.64,118170.99,77.51,LightGreen,green
2025-10-09,837,121662.40,2496.33,1619.15,877.18,120768.33,118503.50,74.68,LightGreen,green
2025-10-10,838,112774.50,2077.48,1710.82,366.66,119314.90,117957.88,68.52,LightGreen,green
2025-10-11,839,110644.40,1586.29,1685.91,-99.61,117738.45,117261.36,64.78,White,lightgreen
2025-10-12,840,114958.80,1395.09,1627.75,-232.65,117233.05,117042.07,62.86,White,lightgreen
2025-10-13,841,115166.00,1235.28,1549.25,-313.97,116857.23,116863.39,62.02,White,lightgreen
2025-10-14,842,113028.14,971.98,1433.80,-461.82,116161.03,116498.13,62.50,White,lightgreen
2025-10-15,843,110763.28,612.58,1269.55,-656.97,115179.62,115951.95,62.54,White,lightgreen
2025-10-16,844,108194.28,153.95,1046.43,-892.48,113909.56,115213.13,61.22,White,lightgreen
2025-10-17,845,106431.68,-344.03,768.34,-1112.38,112549.94,114376.80,59.77,White,red
2025-10-18,846,107185.01,-733.44,467.98,-1201.43,111574.50,113691.87,59.23,White,red
2025-10-19,847,108642.78,-987.54,176.87,-1164.42,111041.46,113211.00,59.71,LightBlue,red
2025-10-20,848,110532.09,-1098.90,-78.27,-1020.62,110948.84,112955.87,61.21,LightBlue,red
2025-10-21,849,108297.67,-1316.76,-325.97,-990.79,110466.81,112512.23,61.92,LightBlue,red
2025-10-22,850,107567.44,-1542.15,-569.21,-972.94,109939.65,112041.29,62.14,LightBlue,red
2025-10-23,851,110078.18,-1591.65,-773.69,-817.95,109964.84,111854.33,63.14,LightBlue,red
2025-10-24,852,111004.89,-1576.82,-934.32,-642.49,110153.94,111773.43,63.97,LightBlue,red
2025-10-25,853,111646.27,-1522.11,-1051.88,-470.22,110425.27,111761.32,65.29,LightBlue,red
2025-10-26,854,114559.40,-1305.66,-1102.63,-203.02,111176.93,112027.80,67.81,LightBlue,red
2025-10-27,855,114107.65,-1137.94,-1109.69,-28.24,111709.79,112225.88,69.02,LightBlue,red
2025-10-28,856,112898.45,-1055.64,-1098.88,43.24,111925.91,112289.94,69.11,White,lightred
2025-10-29,857,110021.29,-1141.33,-1107.37,-33.96,111579.61,112073.88,67.71,White,red
2025-10-30,858,108322.88,-1306.72,-1147.24,-159.47,110987.48,111716.64,65.29,White,red
2025-10-31,859,109608.01,-1373.60,-1192.51,-181.08,110736.66,111515.81,64.10,White,red
2025-11-01,860,110098.10,-1399.16,-1233.84,-165.31,110620.56,111380.79,63.73,LightBlue,red
2025-11-02,861,110540.68,-1391.36,-1265.35,-126.01,110606.04,111300.78,64.33,LightBlue,red
2025-11-03,862,106583.04,-1601.09,-1332.50,-268.59,109874.58,110851.47,63.56,White,red
2025-11-04,863,101497.22,-2062.35,-1478.47,-583.88,108351.42,109960.59,61.43,White,red
2025-11-05,864,103885.16,-2321.84,-1647.14,-674.69,107539.37,109381.98,60.62,White,red
2025-11-06,865,101346.04,-2680.98,-1853.91,-827.06,106413.31,108616.65,59.28,White,red
2025-11-07,866,103339.08,-2871.50,-2057.43,-814.07,105854.36,108114.02,59.82,LightBlue,red
2025-11-08,867,102312.94,-3083.89,-2262.72,-821.16,105210.47,107561.54,60.58,White,red
2025-11-09,868,104722.96,-3121.97,-2434.57,-687.40,105121.83,107291.20,61.73,LightBlue,red
2025-11-10,869,106011.13,-3071.26,-2561.91,-509.34,105283.52,107169.29,63.51,LightBlue,red
2025-11-11,870,103058.99,-3181.08,-2685.74,-495.34,104879.06,106777.83,63.54,LightBlue,red
2025-11-12,871,101654.37,-3343.36,-2817.27,-526.09,104292.75,106289.88,63.30,White,red
2025-11-13,872,99692.02,-3581.88,-2970.19,-611.69,103456.25,105661.51,62.07,White,red
2025-11-14,873,94594.00,-4061.44,-3188.44,-873.00,101844.93,104607.46,59.85,White,red
2025-11-15,874,95596.24,-4407.00,-3432.15,-974.84,100708.81,103749.25,58.94,White,red
2025-11-16,875,94261.44,-4765.71,-3698.86,-1066.84,99536.56,102845.65,58.16,White,red
2025-11-17,876,92215.14,-5174.36,-3993.96,-1180.40,98205.39,101833.22,57.44,White,red
2025-11-18,877,92960.83,-5468.50,-4288.87,-1179.62,97251.83,100988.23,57.67,LightBlue,red
2025-11-19,878,91554.96,-5782.52,-4587.60,-1194.92,96216.04,100089.82,57.40,White,red
2025-11-20,879,86637.23,-6309.40,-4931.96,-1377.44,94474.43,98808.62,56.62,White,red
2025-11-21,880,85129.43,-6828.32,-5311.23,-1517.08,92775.34,97505.84,55.99,White,red
2025-11-22,881,84739.74,-7275.73,-5704.13,-1571.59,91314.32,96290.02,55.26,White,red
2025-11-23,882,86830.00,-7520.38,-6067.38,-1452.99,90498.99,95389.07,55.78,LightBlue,red
2025-11-24,883,88300.01,-7622.61,-6378.43,-1244.18,90099.17,94713.92,57.25,LightBlue,red
2025-11-25,884,87369.96,-7735.11,-6649.76,-1085.34,89602.95,94014.49,58.32,LightBlue,red
2025-11-26,885,90484.02,-7629.56,-6845.72,-783.83,89763.15,93678.26,60.72,LightBlue,red
2025-11-27,886,91333.95,-7461.69,-6968.92,-492.77,90048.75,93454.99,62.57,LightBlue,red
2025-11-28,887,90890.70,-7312.73,-7037.68,-275.05,90201.83,93210.77,63.56,LightBlue,red
2025-11-29,888,90802.44,-7160.88,-7062.32,-98.56,90311.03,92981.41,64.45,LightBlue,red
2025-11-30,889,90360.00,-7026.92,-7055.24,28.31,90319.93,92731.75,64.22,White,lightred
2025-12-01,890,86286.01,-7112.46,-7066.68,-45.77,89586.49,92117.87,62.47,White,red
2025-12-02,891,91277.88,-6880.60,-7029.47,148.86,89894.01,92037.87,63.51,White,lightred
2025-12-03,892,93429.95,-6532.78,-6930.13,397.34,90536.91,92170.45,65.28,White,lightred
2025-12-04,893,92078.06,-6281.77,-6800.46,518.68,90817.12,92161.65,66.21,White,lightred
2025-12-05,894,89330.04,-6194.06,-6679.18,485.11,90546.74,91891.97,66.61,White,lightred
2025-12-06,895,89236.79,-6099.91,-6563.32,463.41,90308.57,91639.10,65.70,White,lightred
2025-12-07,896,90395.31,-5930.37,-6436.73,506.36,90324.34,91520.64,65.07,White,lightred
2025-12-08,897,90634.34,-5747.46,-6298.88,551.41,90380.70,91436.23,64.99,White,lightred
2025-12-09,898,92678.80,-5452.46,-6129.60,677.13,90798.54,91554.57,66.49,White,lightred
2025-12-10,899,92015.37,-5212.82,-5946.24,733.41,91019.78,91598.45,67.35,White,lightred
2025-12-11,900,92513.38,-4957.14,-5748.42,791.27,91291.34,91685.59,68.05,White,lightred
2025-12-12,901,90268.42,-4842.14,-5567.17,725.02,91105.35,91550.62,67.30,White,lightred
2025-12-13,902,90240.01,-4725.67,-5398.87,673.19,90948.02,91425.80,66.15,White,lightred
2025-12-14,903,88172.17,-4722.63,-5263.62,540.98,90443.32,91115.93,64.46,White,lightred
2025-12-15,904,86432.08,-4799.83,-5170.86,371.03,89714.00,90669.85,62.30,White,lightred
2025-12-16,905,87863.42,-4768.82,-5090.45,321.63,89377.53,90402.57,62.05,White,lightred
2025-12-17,906,86243.22,-4814.83,-5035.33,220.50,88807.65,90006.44,61.22,White,lightred
2025-12-18,907,85516.41,-4877.55,-5003.77,126.22,88209.25,89578.82,60.77,White,lightred
2025-12-19,908,88136.94,-4767.05,-4956.43,189.37,88196.10,89441.50,62.30,White,lightred
2025-12-20,909,88360.90,-4640.65,-4893.27,252.62,88226.06,89338.58,63.25,White,lightred
2025-12-21,910,88658.86,-4496.74,-4813.97,317.22,88304.75,89273.85,64.53,White,lightred
2025-12-22,911,88620.79,-4356.99,-4722.57,365.58,88362.21,89211.65,65.68,White,lightred
2025-12-23,912,87486.00,-4282.80,-4634.62,351.81,88202.90,89047.30,65.12,White,lightred
2025-12-24,913,87669.45,-4192.04,-4546.10,354.06,88105.91,88916.08,64.74,White,lightred
2025-12-25,914,87225.27,-4122.37,-4461.35,338.98,87945.79,88755.05,64.04,White,lightred
2025-12-26,915,87369.56,-4038.32,-4376.75,338.42,87841.02,88623.10,63.62,White,lightred
2025-12-27,916,87877.01,-3921.75,-4285.75,363.99,87847.56,88552.04,64.13,White,lightred
2025-12-28,917,87952.71,-3801.54,-4188.91,387.37,87866.68,88494.96,64.54,White,lightred
2025-12-29,918,87237.13,-3722.92,-4095.71,372.78,87752.22,88375.17,64.39,White,lightred
2025-12-30,919,88485.49,-3570.75,-3990.72,419.97,87885.54,88385.67,65.53,White,lightred
2025-12-31,920,87648.22,-3472.03,-3886.98,414.94,87842.39,88315.44,65.40,White,lightred
2026-01-01,921,88839.04,-3306.54,-3770.89,464.35,88023.60,88365.30,66.44,White,lightred
2026-01-02,922,89995.13,-3085.56,-3633.83,548.26,88382.06,88520.53,68.67,White,lightred
2026-01-03,923,90628.01,-2846.50,-3476.36,629.86,88790.41,88721.24,70.39,PureGreen,lightred
2026-01-04,924,91529.73,-2577.53,-3296.59,719.06,89288.47,88988.71,72.96,PureGreen,lightred
2026-01-05,925,93859.71,-2203.57,-3077.99,874.42,90119.60,89452.62,76.13,PureGreen,lightred
2026-01-06,926,93747.97,-1876.52,-2837.69,961.17,90779.30,89861.70,78.00,PureGreen,lightred
2026-01-07,927,91364.16,-1718.75,-2613.91,895.15,90885.64,90004.79,76.01,PureRed,lightred
2026-01-08,928,91099.99,-1590.00,-2409.12,819.12,90924.61,90109.09,73.74,PureRed,lightred
2026-01-09,929,90641.28,-1497.83,-2226.87,729.03,90873.10,90159.78,70.58,PureRed,lightred
2026-01-10,930,90504.70,-1419.77,-2065.45,645.67,90806.11,90192.63,67.97,PureRed,lightred
2026-01-11,931,91013.65,-1318.10,-1915.98,597.88,90843.85,90270.82,67.95,PureRed,lightred
2026-01-12,932,91296.20,-1208.96,-1774.57,565.61,90926.09,90368.47,68.35,PureRed,lightred
2026-01-13,933,95414.00,-878.89,-1595.44,716.54,91742.07,90849.00,72.14,PureGreen,lightred
2026-01-14,934,96951.78,-502.53,-1376.85,874.32,92689.29,91430.22,76.16,PureGreen,lightred
2026-01-15,935,95604.80,-248.95,-1151.27,902.32,93219.38,91827.80,77.24,PureGreen,lightred
2026-01-16,936,95550.94,-30.61,-927.14,896.53,93643.30,92182.38,77.91,PureRed,lightred
2026-01-17,937,95147.77,136.71,-714.37,851.08,93916.84,92464.80,76.29,LightGreen,green
2026-01-18,938,93673.14,199.04,-531.69,730.73,93872.53,92579.88,72.85,LightGreen,green
2026-01-19,939,92631.00,194.10,-386.53,580.63,93646.80,92584.75,70.08,LightGreen,green
2026-01-20,940,88427.66,-46.39,-318.50,272.10,92697.86,92188.83,65.60,PureRed,lightred
2026-01-21,941,89454.73,-197.74,-294.35,96.60,92108.20,91928.44,62.91,PureRed,lightred
2026-01-22,942,89559.67,-322.69,-300.02,-22.67,91644.83,91702.84,61.63,White,red
2026-01-23,943,89600.26,-427.83,-325.58,-102.25,91273.09,91502.60,61.07,White,red
2026-01-24,944,89225.34,-538.63,-368.19,-170.44,90900.77,91285.71,61.54,White,red
2026-01-25,945,86670.36,-776.07,-449.77,-326.30,90131.60,90846.16,60.45,White,red
2026-01-26,946,88347.08,-885.64,-536.94,-348.70,89807.14,90608.15,60.80,White,red
2026-01-27,947,89250.00,-927.00,-614.95,-312.04,89705.84,90478.80,61.74,LightBlue,red
2026-01-28,948,89299.99,-956.69,-683.30,-273.38,89632.05,90366.53,62.65,LightBlue,red
2026-01-29,949,84650.16,-1239.41,-794.52,-444.89,88726.25,89822.12,61.96,White,red
2026-01-30,950,84260.49,-1502.38,-936.09,-566.28,87914.29,89292.44,60.64,White,red
2026-01-31,951,78741.09,-2034.58,-1155.79,-878.78,86246.44,88287.55,58.13,White,red
2026-02-01,952,76968.21,-2588.93,-1442.42,-1146.50,84559.49,87209.51,55.84,White,red
2026-02-02,953,78738.61,-2961.96,-1746.33,-1215.63,83501.14,86402.76,55.91,White,red
2026-02-03,954,75770.21,-3441.47,-2085.36,-1356.11,82095.52,85390.14,55.54,White,red
2026-02-04,955,73165.83,-3991.34,-2466.55,-1524.79,80471.94,84225.92,55.44,White,red
2026-02-05,956,62909.86,-5029.00,-2979.04,-2049.95,77278.83,82195.81,54.72,White,red
2026-02-06,957,70580.26,-5482.51,-3479.74,-2002.77,76060.91,81089.57,56.05,LightBlue,red
2026-02-07,958,69289.38,-5928.59,-3969.51,-1959.08,74829.72,79965.74,57.20,LightBlue,red
2026-02-08,959,70330.38,-6235.89,-4422.78,-1813.10,74011.66,79048.09,58.63,LightBlue,red
2026-02-09,960,70138.00,-6490.51,-4836.33,-1654.18,73307.36,78199.51,60.14,LightBlue,red
2026-02-10,961,68841.29,-6760.25,-5221.11,-1539.13,72495.34,77308.25,59.96,LightBlue,red
2026-02-11,962,67082.52,-7068.01,-5590.49,-1477.51,71511.19,76334.37,59.60,LightBlue,red
2026-02-12,963,66272.17,-7354.54,-5943.30,-1411.24,70558.64,75376.06,59.02,LightBlue,red
2026-02-13,964,68853.96,-7431.52,-6240.95,-1190.56,70248.70,74754.91,59.61,LightBlue,red
2026-02-14,965,69822.95,-7416.38,-6476.03,-940.35,70171.29,74285.20,60.60,LightBlue,red
2026-02-15,966,68832.58,-7431.01,-6667.03,-763.98,69927.89,73765.90,61.30,LightBlue,red
2026-02-16,967,68892.43,-7412.63,-6816.15,-596.47,69739.62,73301.76,61.96,LightBlue,red
2026-02-17,968,67503.52,-7446.77,-6942.27,-504.49,69333.06,72749.55,61.58,LightBlue,red
2026-02-18,969,66461.00,-7507.04,-7055.22,-451.81,68810.86,72150.64,60.79,LightBlue,red
2026-02-19,970,67003.73,-7500.98,-7144.38,-356.60,68482.29,71660.46,60.58,LightBlue,red
2026-02-20,971,68020.01,-7410.77,-7197.66,-213.11,68398.24,71313.75,60.98,LightBlue,red
2026-02-21,972,67975.93,-7307.15,-7219.55,-87.59,68321.46,70995.86,61.49,LightBlue,red
2026-02-22,973,67643.40,-7208.41,-7217.33,8.91,68198.17,70676.58,61.91,White,lightred
2026-02-23,974,64656.02,-7263.01,-7226.46,-36.54,67554.14,70103.19,61.06,White,red
2026-02-24,975,64058.15,-7316.84,-7244.54,-72.30,66918.51,69527.47,59.91,White,red
2026-02-25,976,67988.04,-7116.15,-7218.86,102.70,67112.97,69380.86,61.35,White,lightred
2026-02-26,977,67485.18,-6943.29,-7163.75,220.45,67180.64,69200.32,62.36,White,lightred
2026-02-27,978,65872.10,-6857.46,-7102.49,245.03,66942.72,68883.34,63.02,White,lightred
2026-02-28,979,66973.26,-6695.54,-7021.10,325.55,66948.27,68701.43,64.30,White,lightred
2026-03-01,980,65776.47,-6596.84,-6936.25,339.40,66735.22,68422.86,63.61,White,lightred
2026-03-02,981,68830.06,-6315.33,-6812.06,496.73,67116.10,68461.64,64.91,White,lightred
2026-03-03,982,68338.00,-6074.59,-6664.57,589.97,67338.26,68449.87,66.03,White,lightred
2026-03-04,983,72666.77,-5600.13,-6451.68,851.54,68307.08,68851.48,68.75,White,lightred
2026-03-05,984,70890.72,-5266.28,-6214.60,948.32,68776.83,69045.69,70.11,PureGreen,lightred
2026-03-06,985,68114.02,-5111.95,-5994.07,882.12,68656.32,68956.96,68.98,White,lightred
2026-03-07,986,67262.91,-5006.39,-5796.53,790.14,68402.97,68795.62,67.84,White,lightred
2026-03-08,987,65971.20,-4968.29,-5630.88,662.59,67960.83,68526.63,65.33,White,lightred
2026-03-09,988,68432.16,-4778.75,-5460.46,681.71,68046.53,68517.63,65.06,White,lightred
2026-03-10,989,69948.63,-4511.18,-5270.60,759.42,68392.36,68653.91,66.24,White,lightred
2026-03-11,990,70191.86,-4248.11,-5066.10,817.99,68719.54,68800.39,67.50,White,lightred
2026-03-12,991,70541.34,-3983.98,-4849.68,865.69,69050.78,68966.19,68.97,White,lightred
2026-03-13,992,70930.00,-3717.73,-4623.29,905.55,69392.45,69153.22,69.79,White,lightred
2026-03-14,993,71211.95,-3456.60,-4389.95,933.34,69723.27,69349.29,70.27,PureGreen,lightred
2026-03-15,994,72815.24,-3126.88,-4137.34,1010.45,70285.45,69679.38,71.56,PureGreen,lightred
2026-03-16,995,74884.67,-2712.64,-3852.40,1139.75,71121.67,70175.12,73.64,PureGreen,lightred
2026-03-17,996,73909.36,-2397.06,-3561.33,1164.26,71628.52,70530.76,74.22,PureGreen,lightred
2026-03-18,997,71246.54,-2262.96,-3301.66,1038.69,71559.07,70598.93,72.52,PureRed,lightred
2026-03-19,998,69930.00,-2211.69,-3083.66,871.97,71262.87,70535.22,69.89,PureRed,lightred
2026-03-20,999,70643.56,-2118.89,-2890.71,771.81,71150.27,70545.54,67.60,PureRed,lightred
