2023-06-25,30462.66000000,0.00,0.00,0.00,30462.66,30462.66,100.00,100.00,纯绿,纯绿
2023-06-26,30267.99000000,-1.91,-0.38,-1.53,30427.26,30444.12,0.00,81.81,紫色,纯红
2023-06-27,30692.44000000,0.40,-0.22,0.62,30475.47,30467.76,70.78,79.81,纯绿,纯绿
2023-06-28,30077.41000000,-3.40,-0.86,-2.54,30403.10,30430.59,33.08,71.31,白色,纯红
2023-06-29,30447.31000000,-3.45,-1.38,-2.07,30411.14,30432.18,50.64,58.58,纯蓝,纯红
2023-06-30,30472.00000000,-3.25,-1.75,-1.50,30422.20,30435.97,51.59,66.69,纯蓝,纯红
2023-07-01,30585.90000000,-1.94,-1.79,-0.15,30451.96,30450.25,55.90,62.02,白色,纯红
2023-07-02,30617.03000000,-0.36,-1.50,1.14,30481.97,30466.13,57.06,65.48,白色,浅红
2023-07-03,31156.20000000,6.48,0.09,6.39,30604.56,30531.85,71.51,70.37,纯绿,纯绿
2023-07-04,30766.51000000,9.28,1.92,7.35,30634.00,30554.20,56.30,68.67,白色,纯绿
2023-07-05,30504.81000000,9.42,3.42,5.99,30610.51,30549.50,48.58,63.69,浅黄,纯绿
2023-07-06,29895.43000000,3.55,3.45,0.10,30480.50,30487.20,35.87,54.77,白色,纯绿
2023-07-07,30344.70000000,2.28,3.22,-0.93,30455.81,30473.63,47.19,48.97,白色,浅绿
2023-07-08,30284.63000000,0.46,2.66,-2.20,30424.68,30455.63,45.98,46.55,白色,浅绿
2023-07-09,30160.71000000,-2.53,1.62,-4.15,30376.69,30427.54,43.44,45.05,白色,纯红
2023-07-10,30411.57000000,-2.96,0.71,-3.67,30383.03,30426.02,49.70,48.41,纯蓝,纯红
2023-07-11,30622.10000000,-1.30,0.30,-1.61,30426.49,30444.70,54.40,50.81,纯蓝,纯红
2023-07-12,30380.00000000,-2.08,-0.17,-1.91,30418.04,30438.53,48.59,50.88,白色,纯红
2023-07-13,31454.23000000,7.74,1.41,6.33,30606.44,30535.27,66.32,57.85,白色,纯绿
2023-07-14,30312.01000000,6.02,2.33,3.69,30552.90,30514.00,47.12,55.43,浅黄,纯绿
2023-07-15,30289.52000000,4.14,2.69,1.44,30505.02,30492.62,46.82,52.49,浅黄,纯绿
2023-07-16,30231.99000000,1.74,2.50,-0.76,30455.37,30467.80,46.00,50.84,白色,浅绿
2023-07-17,30138.00000000,-1.51,1.70,-3.21,30397.67,30436.39,44.58,45.75,白色,纯红
2023-07-18,29859.13000000,-7.42,-0.12,-7.29,30299.75,30381.41,40.45,43.57,白色,纯红
2023-07-19,29909.21000000,-12.65,-2.63,-10.02,30228.74,30336.44,41.53,42.24,白色,纯红
2023-07-20,29800.00000000,-18.81,-5.86,-12.94,30150.79,30285.35,39.79,40.66,白色,纯红
2023-07-21,29901.72000000,-23.78,-9.45,-14.33,30105.50,30248.81,42.30,40.55,白色,纯红
2023-07-22,29794.00000000,-29.65,-13.49,-16.16,30048.86,30205.50,40.32,40.48,白色,纯红
2023-07-23,30083.75000000,-32.50,-17.29,-15.20,30055.21,30193.90,47.64,42.89,纯蓝,纯红
2023-07-24,29176.50000000,-44.19,-22.67,-21.51,29895.44,30097.01,33.39,40.00,白色,纯红
2023-07-25,29228.91000000,-55.01,-29.14,-25.87,29774.25,30014.33,34.64,37.63,白色,纯红
2023-07-26,29351.96000000,-64.29,-36.17,-28.11,29697.47,29951.25,37.70,37.17,白色,纯红
2023-07-27,29222.78000000,-74.55,-43.84,-30.70,29611.16,29881.87,35.75,34.75,白色,纯红
2023-07-28,29314.14000000,-83.60,-51.79,-31.80,29557.16,29827.80,38.26,36.28,白色,纯红
2023-07-29,29352.90000000,-91.97,-59.83,-32.14,29520.02,29782.57,39.38,37.70,白色,纯红
2023-07-30,29281.09000000,-100.80,-68.02,-32.77,29476.58,29734.81,37.97,37.80,白色,纯红
2023-07-31,29232.25000000,-109.82,-76.38,-33.43,29432.15,29686.95,36.96,37.87,白色,纯红
2023-08-01,29705.99000000,-113.88,-83.88,-30.00,29481.94,29688.76,50.94,42.55,纯蓝,纯红
2023-08-02,29186.01000000,-122.93,-91.69,-31.23,29428.13,29640.88,40.09,42.23,白色,纯红
2023-08-03,29193.64000000,-131.61,-99.68,-31.93,29385.50,29598.28,40.30,42.31,白色,纯红
2023-08-04,29113.99000000,-140.79,-107.90,-32.89,29336.13,29552.16,38.75,41.98,白色,纯红
2023-08-05,29072.13000000,-150.09,-116.34,-33.75,29288.13,29506.44,37.89,38.87,白色,纯红
2023-08-06,29088.42000000,-158.92,-124.85,-34.06,29251.82,29466.63,38.48,38.50,白色,纯红
2023-08-07,29211.06000000,-166.25,-133.13,-33.11,29244.41,29442.29,42.98,39.80,纯蓝,纯红
2023-08-08,29770.42000000,-167.82,-140.07,-27.74,29340.04,29473.54,58.40,46.76,纯蓝,纯红
2023-08-09,29581.99000000,-171.16,-146.29,-24.87,29384.03,29483.87,53.03,50.65,纯蓝,纯红
2023-08-10,29455.75000000,-175.62,-152.15,-23.46,29397.07,29481.19,49.63,52.49,纯蓝,纯红
2023-08-11,29426.03000000,-180.21,-157.77,-22.44,29402.34,29475.94,48.82,52.89,纯蓝,纯红
2023-08-12,29430.17000000,-184.58,-163.13,-21.45,29407.40,29471.58,48.95,50.45,纯蓝,纯红
2023-08-13,29303.84000000,-190.03,-168.51,-21.52,29388.57,29455.60,45.06,48.02,白色,纯红
2023-08-14,29430.93000000,-194.03,-173.61,-20.41,29396.27,29453.25,49.54,48.28,纯蓝,纯红
2023-08-15,29200.00000000,-200.15,-178.92,-21.22,29360.58,29429.13,42.54,46.09,白色,纯红
2023-08-16,28730.51000000,-210.67,-185.27,-25.40,29246.02,29362.60,32.24,40.54,白色,纯红
2023-08-17,26623.41000000,-241.60,-196.54,-45.06,28769.18,29101.72,14.61,30.29,紫色,纯红
2023-08-18,26054.00000000,-277.18,-212.67,-64.51,28275.51,28811.46,12.55,20.34,紫色,纯红
2023-08-19,26100.01000000,-311.20,-232.37,-78.82,27879.97,28553.23,13.64,13.87,紫色,纯红
2023-08-20,26189.99000000,-343.27,-254.55,-88.71,27572.70,28328.16,15.93,11.27,紫色,纯红
2023-08-21,26126.92000000,-374.94,-278.63,-96.30,27309.83,28118.51,15.60,12.24,紫色,纯红
2023-08-22,26056.00000000,-406.30,-304.16,-102.13,27081.86,27922.08,15.22,13.27,紫色,纯红
2023-08-23,26432.72000000,-432.94,-329.92,-103.02,26963.83,27780.24,25.97,17.82,紫色,纯红
2023-08-24,26180.05000000,-461.20,-356.18,-105.02,26821.33,27627.84,23.73,20.31,紫色,纯红
2023-08-25,26060.01000000,-489.72,-382.88,-106.83,26682.90,27478.52,22.69,22.03,紫色,纯红
2023-08-26,26017.37000000,-517.71,-409.85,-107.86,26561.90,27339.36,22.31,23.37,紫色,纯红
2023-08-27,26101.77000000,-543.95,-436.67,-107.27,26478.24,27221.50,25.09,23.53,纯蓝,纯红
2023-08-28,26120.00000000,-569.12,-463.16,-105.96,26413.10,27116.59,25.73,24.29,纯蓝,纯红
2023-08-29,27716.34000000,-577.71,-486.07,-91.64,26650.05,27173.71,59.42,37.36,纯蓝,纯红
2023-08-30,27299.99000000,-590.03,-506.86,-83.17,26768.22,27185.74,52.51,45.60,纯蓝,纯红
2023-08-31,25940.78000000,-615.27,-528.54,-86.72,26617.78,27067.17,36.94,46.18,白色,纯红
2023-09-01,25805.05000000,-640.97,-551.03,-89.94,26470.01,26946.97,35.77,46.11,白色,纯红
2023-09-02,25869.51000000,-665.16,-573.85,-91.30,26360.83,26844.35,36.83,40.32,白色,纯红
2023-09-03,25971.21000000,-687.49,-596.58,-90.90,26289.99,26761.19,38.61,37.48,纯蓝,纯红
2023-09-04,25826.02000000,-710.46,-619.36,-91.10,26205.63,26672.13,36.96,37.39,白色,纯红
2023-09-05,25792.10000000,-732.95,-642.08,-90.87,26130.44,26588.32,36.55,37.38,纯蓝,纯红
2023-09-06,25759.95000000,-754.94,-664.65,-90.29,26063.08,26509.42,36.13,37.02,纯蓝,纯红
2023-09-07,26255.00000000,-771.26,-685.97,-85.28,26097.97,26485.19,46.58,40.21,纯蓝,纯红
2023-09-08,25910.50000000,-790.34,-706.84,-83.49,26063.88,26430.46,41.35,41.22,纯蓝,纯红
2023-09-09,25901.61000000,-808.78,-727.23,-81.54,26034.38,26380.09,41.21,42.06,纯蓝,纯红
2023-09-10,25841.61000000,-827.11,-747.21,-79.90,25999.33,26328.81,40.25,42.48,纯蓝,纯红
2023-09-11,25162.52000000,-851.43,-768.05,-83.37,25847.18,26217.73,31.07,37.59,白色,纯红
2023-09-12,25840.10000000,-868.19,-788.08,-80.10,25845.89,26181.77,44.98,39.59,纯蓝,纯红
2023-09-13,26222.00000000,-880.51,-806.57,-73.94,25914.28,26185.60,51.15,43.50,纯蓝,纯红
2023-09-14,26522.73000000,-889.34,-823.12,-66.21,26024.90,26217.71,55.52,48.46,纯蓝,纯红
2023-09-15,26600.00000000,-896.97,-837.89,-59.07,26129.46,26254.11,56.62,54.59,纯蓝,纯红
2023-09-16,26559.67000000,-904.59,-851.23,-53.36,26207.68,26283.21,55.82,56.79,纯蓝,纯红
2023-09-17,26527.51000000,-912.13,-863.41,-48.71,26265.83,26306.48,55.12,57.21,纯蓝,纯红
2023-09-18,26762.51000000,-916.95,-874.12,-42.83,26356.14,26349.91,59.24,58.25,白色,纯红
2023-09-19,27210.26000000,-917.03,-882.70,-34.33,26511.43,26431.85,65.87,61.32,白色,纯红
2023-09-20,27125.00000000,-917.78,-889.72,-28.06,26622.99,26497.86,63.68,63.18,白色,纯红
2023-09-21,26568.08000000,-923.80,-896.53,-27.26,26613.00,26504.55,51.29,60.32,白色,纯红
2023-09-22,26580.14000000,-929.35,-903.10,-26.25,26607.03,26511.75,51.52,57.32,白色,纯红
2023-09-23,26575.96000000,-934.59,-909.40,-25.19,26601.38,26517.86,51.43,53.62,白色,纯红
2023-09-24,26248.38000000,-942.72,-916.06,-26.65,26537.20,26492.20,44.49,48.47,白色,纯红
2023-09-25,26304.81000000,-949.87,-922.82,-27.04,26494.94,26474.35,45.88,47.01,白色,纯红
2023-09-26,26221.67000000,-957.44,-929.75,-27.69,26445.26,26450.29,44.07,45.12,白色,纯红
2023-09-27,26372.99000000,-963.10,-936.42,-26.68,26432.12,26442.92,48.21,45.10,纯蓝,纯红
2023-09-28,27021.39000000,-962.02,-941.54,-20.48,26539.26,26498.01,61.72,51.26,白色,纯红
2023-09-29,26906.96000000,-961.91,-945.61,-16.29,26606.11,26536.96,58.72,54.95,白色,纯红
2023-09-30,26962.56000000,-961.07,-948.70,-12.36,26670.92,26577.49,59.77,58.68,白色,纯红
2023-10-01,27992.57000000,-949.91,-948.94,-0.96,26911.22,26712.26,73.65,66.03,纯绿,纯红
2023-10-02,27494.51000000,-943.80,-947.92,4.11,27017.27,26786.76,62.13,65.39,白色,浅红
2023-10-03,27426.46000000,-938.36,-946.01,7.64,27091.67,26847.69,60.69,64.90,白色,浅红
2023-10-04,27778.57000000,-929.43,-942.69,13.26,27216.56,26936.34,65.31,65.98,白色,浅红
2023-10-05,27410.39000000,-924.20,-938.99,14.79,27251.80,26981.49,57.46,61.49,白色,浅红
2023-10-06,27931.09000000,-913.82,-933.96,20.14,27375.31,27071.93,64.22,62.36,白色,浅红
2023-10-07,27956.67000000,-903.31,-927.83,24.51,27481.01,27156.19,64.53,63.46,白色,浅红
2023-10-08,27917.05000000,-893.32,-920.93,27.60,27560.29,27228.65,63.59,63.16,白色,浅红
2023-10-09,27590.12000000,-886.67,-914.08,27.40,27565.71,27263.07,56.09,61.63,纯红,浅红
2023-10-10,27390.12000000,-882.02,-907.66,25.64,27533.78,27275.17,51.92,57.63,纯红,浅红
2023-10-11,26875.52000000,-882.40,-902.61,20.21,27414.10,27237.11,42.83,50.99,纯红,浅红
2023-10-12,26759.63000000,-883.74,-898.84,15.10,27295.10,27191.64,41.03,45.08,纯红,浅红
2023-10-13,26862.00000000,-883.85,-895.84,11.98,27216.36,27160.24,43.37,42.46,纯红,浅红
2023-10-14,26852.48000000,-883.88,-893.45,9.56,27150.20,27130.93,43.19,41.00,纯红,浅红
2023-10-15,27154.15000000,-880.76,-890.91,10.14,27150.91,27133.14,50.31,44.06,白色,浅红
2023-10-16,28500.78000000,-864.30,-885.59,21.29,27396.34,27263.39,69.36,53.81,白色,浅红
2023-10-17,28395.91000000,-849.18,-878.31,29.12,27578.08,27371.25,67.13,60.55,白色,浅红
2023-10-18,28320.00000000,-835.09,-869.66,34.57,27712.98,27461.61,65.44,65.49,白色,浅红
2023-10-19,28713.71000000,-817.38,-859.21,41.82,27894.93,27580.85,69.82,69.82,白色,浅红
2023-10-20,29669.04000000,-790.61,-845.49,54.87,28217.49,27779.73,77.50,72.70,纯绿,浅红
2023-10-21,29909.80000000,-762.11,-828.81,66.70,28525.18,27982.59,79.00,76.00,纯绿,浅红
2023-10-22,29992.46000000,-733.49,-809.75,76.25,28791.96,28174.01,79.52,79.20,纯绿,浅红
2023-10-23,33069.99000000,-675.25,-782.85,107.59,29569.78,28640.29,89.88,84.79,纯绿,浅红
2023-10-24,33922.73000000,-610.20,-748.32,138.12,30361.23,29143.38,91.24,88.46,纯绿,浅红
2023-10-25,34496.05000000,-541.30,-706.91,165.61,31113.01,29653.16,92.04,91.48,纯绿,浅红
2023-10-26,34151.66000000,-477.72,-661.07,183.35,31665.49,30081.59,86.75,91.94,纯绿,浅红
2023-10-27,33892.02000000,-418.49,-612.56,194.07,32070.31,30444.48,82.76,88.97,纯绿,浅红
2023-10-28,34081.00000000,-359.06,-561.86,202.79,32435.89,30790.82,83.38,86.53,纯绿,浅红
2023-10-29,34525.89000000,-296.93,-508.87,211.93,32815.89,31146.54,84.80,84.89,纯绿,浅红
2023-10-30,34474.73000000,-237.09,-454.52,217.42,33117.50,31463.51,83.88,84.19,纯绿,浅红
2023-10-31,34639.77000000,-177.34,-399.08,221.73,33394.27,31766.01,84.48,84.56,纯绿,浅红
2023-11-01,35421.43000000,-111.63,-341.59,229.96,33762.85,32114.14,87.03,85.67,纯绿,浅红
2023-11-02,34941.59000000,-52.56,-283.78,231.22,33977.16,32383.42,78.26,83.13,纯绿,浅红
2023-11-03,34716.78000000,2.55,-226.51,229.07,34111.64,32605.65,74.35,79.81,浅黄,纯绿
2023-11-04,35062.07000000,59.44,-169.32,228.77,34284.44,32839.59,76.37,77.70,浅黄,纯绿
2023-11-05,35011.88000000,114.15,-112.63,226.78,34416.70,33046.48,75.41,75.17,浅黄,纯绿
2023-11-06,35046.09000000,167.55,-56.59,224.14,34531.14,33236.92,75.64,74.78,浅黄,纯绿
2023-11-07,35399.12000000,222.82,-0.71,223.53,34688.95,33442.84,78.01,76.03,浅黄,纯绿
2023-11-08,35624.72000000,278.63,55.15,223.47,34859.09,33650.64,79.43,77.21,浅黄,纯绿
2023-11-09,36701.09000000,343.34,112.79,230.55,35194.00,33941.16,84.67,80.25,纯绿,纯绿
2023-11-10,37301.63000000,411.99,172.63,239.36,35577.20,34261.20,86.76,83.45,纯绿,纯绿
2023-11-11,37130.00000000,476.84,233.47,243.36,35859.53,34534.42,83.16,84.34,纯绿,纯绿
2023-11-12,37064.13000000,539.03,294.58,244.44,36078.55,34775.34,81.71,84.27,纯绿,纯绿
2023-11-13,36462.93000000,593.35,354.34,239.01,36148.43,34936.07,69.45,78.81,浅黄,纯绿
2023-11-14,35551.19000000,636.97,410.86,226.10,36039.84,34994.65,55.44,68.87,浅黄,纯绿
2023-11-15,37858.20000000,701.90,469.07,232.82,36370.45,35267.37,71.56,67.25,纯绿,纯绿
2023-11-16,36163.51000000,748.07,524.87,223.20,36332.83,35352.71,55.24,60.25,浅黄,纯绿
2023-11-17,36613.92000000,797.18,579.33,217.84,36383.93,35472.83,58.07,57.79,浅黄,纯绿
2023-11-18,36568.10000000,844.22,632.31,211.91,36417.42,35577.14,57.66,58.17,浅黄,纯绿
2023-11-19,37359.86000000,897.51,685.35,212.15,36588.77,35746.92,62.72,57.39,白色,纯绿
2023-11-20,37448.78000000,949.92,738.26,211.65,36745.13,35909.00,63.27,59.92,浅黄,纯绿
2023-11-21,35741.65000000,983.77,787.36,196.40,36562.68,35893.06,48.15,55.98,浅黄,纯绿
2023-11-22,37408.34000000,1032.85,836.46,196.39,36716.44,36037.38,58.82,56.71,浅黄,纯绿
2023-11-23,37294.28000000,1079.16,885.00,194.15,36821.50,36157.08,57.92,56.05,浅黄,纯绿
2023-11-24,37713.57000000,1128.01,933.60,194.40,36983.69,36305.32,60.41,56.32,白色,纯绿
2023-11-25,37780.67000000,1175.86,982.05,193.80,37128.60,36445.83,60.82,59.45,浅黄,纯绿
2023-11-26,37447.43000000,1218.78,1029.40,189.37,37186.57,36541.22,57.51,58.86,浅黄,纯绿
2023-11-27,37242.70000000,1258.17,1075.15,183.01,37196.77,36608.02,55.46,57.79,浅黄,纯绿
2023-11-28,37818.87000000,1301.83,1120.49,181.34,37309.88,36723.34,59.94,58.10,浅黄,纯绿
2023-11-29,37854.64000000,1344.29,1165.25,179.04,37408.93,36831.08,60.21,58.37,浅黄,纯绿
2023-11-30,37723.96000000,1383.95,1208.99,174.95,37466.20,36916.12,58.58,58.60,浅黄,纯绿
2023-12-01,38682.52000000,1431.61,1253.51,178.09,37687.35,37084.35,66.10,61.90,白色,纯绿
2023-12-02,39450.35000000,1485.13,1299.84,185.29,38007.90,37309.68,70.81,65.50,纯绿,纯绿
2023-12-03,39972.26000000,1541.93,1348.26,193.67,38365.05,37563.26,73.59,69.40,纯绿,纯绿
2023-12-04,41991.10000000,1616.63,1401.93,214.70,39024.33,37984.96,81.25,75.68,纯绿,纯绿
2023-12-05,44073.32000000,1709.32,1463.41,245.91,39942.33,38564.80,85.93,81.15,纯绿,纯绿
2023-12-06,43762.69000000,1795.88,1529.90,265.97,40636.94,39059.84,82.51,83.52,纯绿,纯绿
2023-12-07,43273.14000000,1874.69,1598.86,275.83,41116.25,39461.10,77.15,83.01,纯绿,纯绿
2023-12-08,44170.99000000,1959.66,1671.02,288.63,41671.65,39909.66,79.82,82.17,纯绿,纯绿
2023-12-09,43713.60000000,2037.22,1744.26,292.95,42042.92,40271.94,74.86,78.83,纯绿,纯绿
2023-12-10,43789.51000000,2112.84,1817.98,294.85,42360.48,40606.95,75.15,76.82,纯绿,纯绿
2023-12-11,41253.40000000,2160.81,1886.54,274.27,42159.19,40668.52,52.90,68.06,浅黄,纯绿
2023-12-12,41492.39000000,2209.30,1951.10,258.20,42037.95,40746.98,54.32,60.93,浅黄,纯绿
2023-12-13,42869.03000000,2269.49,2014.77,254.71,42189.06,40949.08,61.69,58.67,浅黄,纯绿
2023-12-14,43022.26000000,2328.96,2077.61,251.34,42340.55,41146.52,62.44,57.05,浅黄,纯绿
2023-12-15,41940.30000000,2375.55,2137.20,238.34,42267.77,41222.12,54.13,56.74,浅黄,纯绿
2023-12-16,42278.03000000,2423.62,2194.48,229.13,42269.64,41322.68,56.15,56.97,浅黄,纯绿
2023-12-17,41374.65000000,2460.90,2247.77,213.13,42106.91,41327.63,49.64,53.44,浅黄,纯绿
2023-12-18,42657.80000000,2509.23,2300.06,209.16,42207.07,41454.31,57.43,53.26,浅黄,纯绿
2023-12-19,42275.99000000,2551.87,2350.42,201.45,42219.60,41532.57,54.64,53.60,浅黄,纯绿
2023-12-20,43668.93000000,2606.48,2401.63,204.84,42483.12,41736.03,62.11,56.23,白色,纯绿
2023-12-21,43861.80000000,2660.86,2453.48,207.38,42733.78,41938.49,63.04,59.91,白色,纯绿
2023-12-22,43969.04000000,2714.16,2505.61,208.54,42958.38,42131.87,63.60,61.70,白色,纯绿
2023-12-23,43702.16000000,2762.73,2557.04,205.68,43093.61,42281.42,61.06,62.75,浅黄,纯绿
2023-12-24,42991.50000000,2802.31,2606.09,196.21,43075.04,42349.05,54.61,59.91,浅黄,纯绿
2023-12-25,43576.13000000,2845.93,2654.06,191.87,43166.15,42465.91,58.61,58.86,浅黄,纯绿
2023-12-26,42508.93000000,2877.19,2698.68,178.50,43046.65,42470.01,49.72,54.68,浅黄,纯绿
2023-12-27,43428.85000000,2916.02,2742.15,173.86,43116.14,42561.33,56.10,54.03,浅黄,纯绿
2023-12-28,42563.76000000,2944.60,2782.64,161.95,43015.71,42561.56,49.53,52.29,浅黄,纯绿
2023-12-29,42066.95000000,2966.86,2819.48,147.37,42843.21,42514.45,46.09,48.89,浅黄,纯绿
2023-12-30,42140.28000000,2988.61,2853.31,135.29,42715.40,42478.82,46.70,47.94,浅黄,纯绿
2023-12-31,42283.58000000,3010.53,2884.75,125.77,42636.89,42460.22,47.97,46.47,浅黄,纯绿
2024-01-01,44179.55000000,3049.90,2917.78,132.11,42917.37,42623.97,61.48,51.37,白色,纯绿
2024-01-02,44946.91000000,3095.05,2953.24,141.81,43286.38,42845.20,65.51,57.48,白色,纯绿
2024-01-03,42845.23000000,3117.56,2986.10,131.45,43206.17,42845.20,49.69,56.61,浅黄,纯绿
2024-01-04,44151.10000000,3151.66,3019.21,132.44,43377.97,42969.57,56.88,58.27,白色,纯绿
2024-01-05,44145.11000000,3184.06,3052.18,131.87,43517.45,43081.53,56.84,57.17,浅黄,纯绿
2024-01-06,43968.32000000,3213.14,3084.37,128.76,43599.43,43165.98,55.51,55.05,浅黄,纯绿
2024-01-07,43929.02000000,3240.34,3115.57,124.77,43659.35,43238.65,55.20,56.08,浅黄,纯绿
2024-01-08,46951.04000000,3295.87,3151.63,144.24,44257.84,43592.21,69.91,60.96,白色,纯绿
2024-01-09,46110.00000000,3340.82,3189.47,151.35,44594.59,43832.00,63.46,62.62,白色,纯绿
2024-01-10,46653.99000000,3389.15,3229.40,159.74,44969.03,44100.76,65.73,65.04,白色,纯绿
2024-01-11,46339.16000000,3432.28,3269.98,162.29,45218.14,44313.94,63.21,66.17,白色,纯绿
2024-01-12,42782.73000000,3438.42,3303.67,134.75,44775.34,44168.11,42.64,56.93,浅黄,纯绿
2024-01-13,42847.99000000,3444.34,3331.80,112.53,44424.91,44042.39,43.02,50.69,浅黄,纯绿
2024-01-14,41732.35000000,3438.42,3353.12,85.29,43935.35,43822.38,38.23,43.42,浅黄,纯绿
2024-01-15,42511.10000000,3439.67,3370.43,69.23,43676.40,43697.50,43.14,39.72,白色,纯绿
2024-01-16,43137.95000000,3446.38,3385.62,60.75,43578.50,43644.21,46.91,41.80,白色,纯绿
2024-01-17,42776.10000000,3448.64,3398.23,50.41,43432.61,43561.53,45.00,42.74,白色,纯绿
2024-01-18,41327.50000000,3435.89,3405.76,30.13,43049.86,43348.76,38.08,41.87,白色,纯绿
2024-01-19,41659.03000000,3426.11,3409.83,16.27,42796.98,43187.84,40.41,41.11,白色,纯绿
2024-01-20,41696.04000000,3416.30,3411.12,5.17,42596.81,43045.76,40.69,39.90,白色,纯绿
2024-01-21,41580.33000000,3404.98,3409.89,-4.91,42411.99,42906.20,40.04,39.02,白色,浅绿
2024-01-22,39568.02000000,3373.49,3402.61,-29.12,41894.91,42588.27,30.64,36.15,白色,浅绿
2024-01-23,39897.60000000,3345.51,3391.19,-45.68,41531.76,42332.02,33.48,34.40,白色,浅绿
2024-01-24,40084.88000000,3319.54,3376.86,-57.31,41268.69,42118.00,35.16,33.54,白色,浅绿
2024-01-25,39961.09000000,3292.47,3359.98,-67.51,41030.94,41912.58,34.52,32.71,白色,浅绿
2024-01-26,41823.51000000,3283.90,3344.77,-60.86,41175.04,41904.10,49.78,39.29,纯红,浅绿
2024-01-27,42120.63000000,3277.87,3331.39,-53.52,41346.97,41924.72,51.77,44.89,纯红,浅绿
2024-01-28,42031.06000000,3270.48,3319.21,-48.72,41471.35,41934.85,51.09,48.91,纯红,浅绿
2024-01-29,43302.70000000,3275.19,3310.40,-35.21,41804.32,42065.12,59.47,55.37,纯红,浅绿
2024-01-30,42941.10000000,3275.56,3303.43,-27.87,42011.01,42148.55,56.42,56.77,纯红,浅绿
2024-01-31,42580.00000000,3271.71,3297.09,-25.37,42114.46,42189.64,53.38,56.44,纯红,浅绿
2024-02-01,43082.94000000,3272.29,3292.13,-19.83,42290.55,42274.71,56.97,57.61,白色,浅绿
2024-02-02,43200.00000000,3273.36,3288.38,-15.01,42455.90,42362.83,57.81,57.34,白色,浅绿
2024-02-03,43011.09000000,3271.89,3285.08,-13.18,42556.84,42424.57,55.85,56.97,白色,浅绿
2024-02-04,42582.88000000,3265.60,3281.18,-15.58,42561.58,42439.65,51.46,55.62,白色,浅绿
2024-02-05,42708.70000000,3260.10,3276.97,-16.87,42588.32,42465.27,52.68,54.30,白色,浅绿
2024-02-06,43098.95000000,3257.95,3273.16,-15.20,42681.16,42525.62,56.43,54.44,白色,浅绿
2024-02-07,44349.60000000,3267.56,3272.04,-4.48,42984.52,42699.33,66.02,58.40,白色,浅绿
2024-02-08,45288.65000000,3285.48,3274.73,10.75,43403.45,42945.93,71.30,64.35,纯绿,纯绿
2024-02-09,47132.77000000,3320.40,3283.86,36.53,44081.51,43344.68,78.56,71.64,纯绿,纯绿
2024-02-10,47751.09000000,3359.72,3299.03,60.68,44748.70,43764.34,80.40,77.59,纯绿,纯绿
2024-02-11,48299.99000000,3402.62,3319.75,82.86,45394.39,44196.30,81.94,81.27,纯绿,纯绿
2024-02-12,49917.27000000,3459.52,3347.70,111.81,46216.73,44741.16,85.62,84.67,纯绿,纯绿
2024-02-13,49699.59000000,3511.91,3380.55,131.36,46849.98,45213.39,83.09,85.21,纯绿,纯绿
2024-02-14,51795.17000000,3582.70,3420.98,161.72,47749.10,45840.22,87.15,86.79,纯绿,纯绿
2024-02-15,51880.00000000,3651.54,3467.09,184.44,48500.17,46415.44,87.29,87.85,纯绿,纯绿
2024-02-16,52124.11000000,3720.02,3517.68,202.34,49159.07,46959.12,87.71,88.21,纯绿,纯绿
2024-02-17,51642.64000000,3781.01,3570.34,210.66,49610.63,47405.17,81.78,86.80,纯绿,纯绿
2024-02-18,52137.67000000,3844.32,3625.14,219.18,50070.09,47855.89,83.09,85.39,纯绿,纯绿
2024-02-19,51774.73000000,3901.43,3680.40,221.03,50380.02,48229.11,78.50,82.54,纯绿,纯绿
2024-02-20,52258.82000000,3960.85,3736.49,224.36,50721.62,48612.89,80.13,80.72,纯绿,纯绿
2024-02-21,51849.39000000,4013.70,3791.93,221.77,50926.67,48921.13,74.81,78.38,浅黄,纯绿
2024-02-22,51288.42000000,4058.67,3845.28,213.39,50992.44,49146.58,67.95,73.73,浅黄,纯绿
2024-02-23,50744.15000000,4096.15,3895.45,200.70,50947.30,49298.73,61.83,68.53,浅黄,纯绿
2024-02-24,51568.22000000,4139.84,3944.33,195.50,51060.19,49514.87,66.85,65.81,浅黄,纯绿
2024-02-25,51728.85000000,4183.00,3992.06,190.93,51181.76,49725.73,67.77,64.89,浅黄,纯绿
2024-02-26,54476.47000000,4251.13,4043.88,207.25,51780.80,50178.18,78.88,69.42,纯绿,纯绿
2024-02-27,57037.34000000,4341.63,4103.43,238.20,52736.53,50831.43,84.44,76.26,纯绿,纯绿
2024-02-28,62432.10000000,4481.76,4179.09,302.66,54499.36,51936.26,90.37,83.10,纯绿,纯绿
2024-02-29,61130.98000000,4604.04,4264.08,339.95,55705.11,52811.94,81.99,85.48,纯绿,纯绿
2024-03-01,62387.90000000,4734.18,4358.10,376.08,56920.16,53723.94,83.62,86.01,纯绿,纯绿
2024-03-02,61987.28000000,4855.60,4457.60,397.99,57841.46,54510.92,81.02,84.48,纯绿,纯绿
2024-03-03,63113.97000000,4983.57,4562.80,420.77,58800.09,55330.26,82.70,82.76,纯绿,纯绿
2024-03-04,68245.71000000,5157.34,4681.70,475.63,60517.48,56560.30,88.05,84.83,纯绿,纯绿
2024-03-05,63724.01000000,5280.40,4801.44,478.95,61100.48,57242.56,67.59,78.78,白色,纯绿
2024-03-06,66074.04000000,5421.94,4925.54,496.39,62004.76,58083.65,71.42,75.69,纯绿,纯绿
2024-03-07,66823.17000000,5565.61,5053.56,512.05,62880.84,58915.99,72.57,73.28,纯绿,纯绿
2024-03-08,68124.19000000,5716.75,5186.20,530.55,63834.17,59792.96,74.55,71.06,纯绿,纯绿
2024-03-09,68313.27000000,5864.17,5321.79,542.37,64648.55,60604.42,74.84,73.06,纯绿,纯绿
2024-03-10,68955.88000000,6012.40,5459.91,552.48,65431.70,61399.79,75.89,74.39,纯绿,纯绿
2024-03-11,72078.10000000,6185.82,5605.09,580.72,66640.14,62416.77,80.31,76.87,纯绿,纯绿
2024-03-12,71452.01000000,6346.74,5753.42,593.31,67515.02,63277.27,77.15,77.40,纯绿,纯绿
2024-03-13,73072.41000000,6517.61,5906.26,611.34,68525.46,64210.14,79.47,78.62,纯绿,纯绿
2024-03-14,71388.94000000,6665.56,6058.12,607.43,69046.09,64893.84,71.14,76.39,浅黄,纯绿
2024-03-15,69499.85000000,6789.21,6204.34,584.87,69128.59,65332.50,62.92,70.78,浅黄,纯绿
2024-03-16,65300.63000000,6866.50,6336.77,529.73,68432.60,65329.47,48.94,61.68,浅黄,纯绿
2024-03-17,68393.48000000,6970.62,6463.54,507.08,68425.48,65621.28,56.79,56.67,浅黄,纯绿
2024-03-18,67609.99000000,7062.58,6583.35,479.23,68277.21,65810.68,54.44,53.23,浅黄,纯绿
2024-03-19,61937.40000000,7094.54,6685.59,408.95,67124.52,65441.80,40.81,46.95,浅黄,纯绿
2024-03-20,67840.51000000,7182.31,6784.93,397.38,67254.70,65670.24,54.09,49.19,浅黄,纯绿
2024-03-21,65501.27000000,7243.03,6876.55,366.48,66935.89,65654.15,49.23,47.82,浅黄,纯绿
2024-03-22,63796.64000000,7283.74,6957.99,325.74,66365.12,65477.24,45.89,45.91,浅黄,纯绿
2024-03-23,63990.01000000,7323.71,7031.13,292.57,65933.28,65335.60,46.35,47.00,浅黄,纯绿
2024-03-24,67209.99000000,7392.78,7103.46,289.31,66165.41,65514.11,53.62,48.12,浅黄,纯绿
2024-03-25,69880.01000000,7484.65,7179.70,304.95,66840.79,65929.91,58.78,51.79,白色,纯绿
2024-03-26,69988.00000000,7573.40,7258.44,314.96,67413.01,66316.40,58.98,55.48,白色,纯绿
2024-03-27,69469.99000000,7652.93,7337.34,315.59,67787.00,66616.74,57.46,57.86,白色,纯绿
2024-03-28,70780.60000000,7741.51,7418.17,323.34,68331.29,67013.30,60.33,59.53,白色,纯绿
2024-03-29,69850.54000000,7816.79,7497.90,318.89,68607.52,67283.51,57.28,58.85,浅黄,纯绿
2024-03-30,69582.18000000,7885.66,7575.45,310.21,68784.73,67502.43,56.37,57.92,浅黄,纯绿
2024-03-31,71280.01000000,7967.66,7653.89,313.77,69238.42,67862.20,60.77,59.04,白色,纯绿
2024-04-01,69649.80000000,8029.62,7729.04,300.58,69313.21,68032.45,54.86,57.29,浅黄,纯绿
2024-04-02,65463.99000000,8046.92,7792.61,254.30,68613.35,67787.83,42.95,52.07,浅黄,纯绿
2024-04-03,65963.28000000,8067.04,7847.50,219.54,68131.52,67614.06,44.55,48.56,浅黄,纯绿
2024-04-04,68487.79000000,8109.85,7899.97,209.88,68196.30,67697.28,52.08,47.62,浅黄,纯绿
2024-04-05,67820.62000000,8143.23,7948.62,194.60,68127.99,67709.02,50.08,47.19,浅黄,纯绿
2024-04-06,68896.00000000,8184.60,7995.82,188.78,68267.63,67822.07,53.29,50.18,浅黄,纯绿
2024-04-07,69360.39000000,8227.72,8042.20,185.52,68466.31,67968.57,54.68,52.84,浅黄,纯绿
2024-04-08,71620.00000000,8290.20,8091.80,198.40,69039.71,68316.33,60.99,55.94,白色,纯绿
2024-04-09,69146.00000000,8324.83,8138.41,186.42,69059.03,68395.34,52.16,55.63,浅黄,纯绿
2024-04-10,70631.08000000,8371.43,8185.01,186.41,69344.86,68608.27,56.37,56.33,浅黄,纯绿
2024-04-11,70006.23000000,8408.84,8229.78,179.06,69465.11,68741.41,54.14,55.83,浅黄,纯绿
2024-04-12,67116.52000000,8415.02,8266.83,148.19,69038.09,68586.66,45.00,50.95,浅黄,纯绿
2024-04-13,63924.51000000,8387.92,8291.04,96.87,68108.35,68142.64,37.27,45.76,白色,纯绿
2024-04-14,65661.84000000,8377.08,8308.25,68.82,67663.53,67906.38,43.17,42.89,白色,纯绿
2024-04-15,63419.99000000,8342.82,8315.16,27.65,66891.97,67479.10,38.04,39.08,白色,纯绿
2024-04-16,63793.39000000,8311.61,8314.45,-2.84,66328.59,67128.08,39.37,38.11,白色,浅绿
2024-04-17,61277.37000000,8254.90,8302.54,-47.64,65410.19,66570.87,33.91,36.73,白色,浅绿
2024-04-18,63470.08000000,8219.84,8286.00,-66.16,65057.44,66275.56,41.74,37.38,白色,浅绿
2024-04-19,63818.01000000,8187.62,8266.32,-78.70,64832.09,66041.50,42.93,39.28,白色,浅绿
2024-04-20,64940.59000000,8165.80,8246.22,-80.41,64851.82,65936.65,46.83,42.01,白色,浅绿
2024-04-21,64941.15000000,8143.02,8225.58,-82.55,64868.06,65841.84,46.83,45.23,白色,浅绿
2024-04-22,66819.32000000,8137.82,8208.03,-70.20,65222.83,65934.94,53.40,48.84,纯红,浅绿
2024-04-23,66414.00000000,8127.17,8191.86,-64.68,65439.41,65980.56,51.87,51.02,纯红,浅绿
2024-04-24,64289.59000000,8094.31,8172.35,-78.03,65230.35,65819.52,44.42,49.38,白色,浅绿
2024-04-25,64498.34000000,8062.88,8150.45,-87.57,65097.25,65693.69,45.27,48.35,白色,浅绿
2024-04-26,63770.01000000,8023.61,8125.09,-101.47,64855.94,65510.48,42.72,45.38,白色,浅绿
2024-04-27,63461.98000000,7980.89,8096.25,-115.35,64602.49,65315.38,41.61,42.83,白色,浅绿
2024-04-28,63118.62000000,7934.48,8063.89,-129.41,64332.69,65106.17,40.32,41.63,白色,浅绿
2024-04-29,63866.00000000,7895.24,8030.16,-134.92,64247.84,64988.06,44.49,42.01,白色,浅绿
2024-04-30,60672.00000000,7824.13,7988.96,-164.82,63597.69,64577.00,33.41,38.75,白色,浅绿
2024-05-01,58364.97000000,7730.86,7937.34,-206.47,62646.28,63985.38,27.85,34.27,紫色,浅绿
2024-05-02,59060.61000000,7645.67,7879.00,-233.32,61994.34,63516.35,31.66,32.22,白色,浅绿
2024-05-03,62882.01000000,7599.15,7823.03,-223.88,62155.73,63455.94,48.32,35.84,纯红,浅绿
2024-05-04,63892.04000000,7562.45,7770.92,-208.46,62471.43,63497.47,51.78,42.08,纯红,浅绿
2024-05-05,64012.00000000,7526.53,7722.04,-195.51,62751.53,63546.48,52.20,48.35,纯红,浅绿
2024-05-06,63165.19000000,7481.84,7674.00,-192.15,62826.74,63510.16,48.85,51.56,纯红,浅绿
2024-05-07,62312.08000000,7428.60,7624.92,-196.32,62733.16,63396.06,45.57,49.98,白色,浅绿
2024-05-08,61193.03000000,7364.44,7572.82,-208.38,62453.14,63186.25,41.52,46.57,白色,浅绿
2024-05-09,63074.01000000,7319.25,7522.11,-202.85,62566.02,63175.56,49.85,46.74,纯红,浅绿
2024-05-10,60799.99000000,7251.56,7468.00,-216.43,62244.93,62949.31,41.84,44.58,白色,浅绿
2024-05-11,60825.99000000,7184.70,7411.34,-226.64,61986.94,62747.09,41.96,43.44,白色,浅绿
2024-05-12,61483.99000000,7124.88,7354.05,-229.17,61895.49,62626.79,45.10,44.40,白色,浅绿
2024-05-13,62940.08000000,7079.76,7299.19,-219.42,62085.42,62656.63,51.56,46.01,纯红,浅绿
2024-05-14,61577.49000000,7021.17,7243.59,-222.41,61993.06,62553.85,45.94,46.74,白色,浅绿
2024-05-15,66206.50000000,7008.52,7196.57,-188.05,62759.14,62901.72,61.69,53.05,纯红,浅绿
2024-05-16,65235.21000000,6985.30,7154.32,-169.01,63209.34,63123.96,57.76,56.21,白色,浅绿
2024-05-17,67024.00000000,6979.01,7119.26,-140.24,63902.91,63495.39,62.63,59.39,白色,浅绿
2024-05-18,66915.20000000,6970.46,7089.50,-119.03,64450.60,63821.09,62.14,62.83,白色,浅绿
2024-05-19,66274.01000000,6954.47,7062.49,-108.02,64782.13,64054.70,59.15,61.70,白色,浅绿
2024-05-20,71446.62000000,6988.55,7047.70,-59.15,65993.85,64758.69,71.46,65.97,纯绿,浅绿
2024-05-21,70148.34000000,7007.44,7039.65,-32.20,66749.21,65271.99,65.92,66.56,白色,浅绿
2024-05-22,69166.62000000,7014.73,7034.67,-19.93,67188.74,65642.91,61.89,65.66,白色,浅绿
2024-05-23,67969.65000000,7008.63,7029.46,-20.82,67330.72,65864.50,57.15,63.75,白色,浅绿
2024-05-24,68549.99000000,7007.05,7024.98,-17.93,67552.41,66120.26,58.85,60.57,白色,浅绿
2024-05-25,69290.57000000,7011.42,7022.27,-10.84,67868.44,66422.20,61.04,59.76,白色,浅绿
2024-05-26,68507.67000000,7006.58,7019.13,-12.55,67984.66,66620.81,57.45,58.54,白色,浅绿
2024-05-27,69436.43000000,7009.64,7017.23,-7.58,68248.62,66888.97,60.51,59.50,白色,浅绿
2024-05-28,68398.39000000,7001.01,7013.99,-12.97,68275.85,67032.72,55.55,58.19,白色,浅绿
2024-05-29,67652.42000000,6983.91,7007.97,-24.06,68162.50,67091.74,52.14,55.47,白色,浅绿
2024-05-30,68352.17000000,6972.82,7000.94,-28.11,68196.98,67211.78,55.02,54.94,白色,浅绿
2024-05-31,67540.01000000,6952.70,6991.29,-38.59,68077.53,67243.04,51.05,52.52,白色,浅绿
2024-06-01,67766.85000000,6934.03,6979.84,-45.81,68021.04,67292.92,52.12,51.82,白色,浅绿
2024-06-02,67765.63000000,6914.53,6966.78,-52.24,67974.60,67337.94,52.12,51.87,白色,浅绿
2024-06-03,68809.90000000,6904.53,6954.33,-49.79,68126.47,67478.13,57.41,53.31,白色,浅绿
2024-06-04,70537.84000000,6910.50,6945.56,-35.06,68564.90,67769.53,64.60,57.83,白色,浅绿
2024-06-05,71108.00000000,6920.54,6940.56,-20.01,69027.28,68087.48,66.66,62.08,白色,浅绿
2024-06-06,70799.06000000,6925.88,6937.62,-11.74,69349.42,68345.72,64.40,64.73,白色,浅绿
2024-06-07,69355.60000000,6915.48,6933.19,-17.71,69350.55,68441.90,54.76,62.44,白色,浅绿
2024-06-08,69310.46000000,6903.57,6927.27,-23.69,69343.26,68524.62,54.48,59.15,白色,浅绿
2024-06-09,69648.14000000,6893.99,6920.61,-26.62,69398.69,68631.62,56.35,56.77,白色,浅绿
2024-06-10,69540.00000000,6882.26,6912.94,-30.68,69424.38,68718.13,55.54,54.93,白色,浅绿
2024-06-11,67314.24000000,6847.60,6899.87,-52.27,69040.72,68584.43,41.74,50.17,白色,浅绿
2024-06-12,68263.99000000,6821.96,6884.29,-62.32,68899.49,68553.91,47.88,48.55,白色,浅绿
2024-06-13,66773.01000000,6781.06,6863.64,-82.58,68512.86,68384.30,40.44,44.18,白色,浅绿
2024-06-14,66043.99000000,6732.84,6837.48,-104.64,68063.97,68161.41,37.29,39.61,白色,浅绿
2024-06-15,66228.25000000,6686.54,6807.29,-120.75,67730.20,67977.30,38.64,38.87,白色,浅绿
2024-06-16,66676.87000000,6644.71,6774.78,-130.06,67538.69,67853.45,41.99,38.37,白色,浅绿
2024-06-17,66504.33000000,6601.10,6740.04,-138.93,67350.62,67724.96,41.03,38.96,白色,浅绿
2024-06-18,65175.32000000,6544.39,6700.91,-156.51,66955.11,67482.14,34.32,37.58,白色,浅绿
2024-06-19,64974.37000000,6486.09,6657.95,-171.85,66594.98,67243.30,33.41,35.87,白色,浅绿
2024-06-20,64869.99000000,6427.21,6611.80,-184.59,66281.34,67017.27,32.90,33.67,白色,浅绿
2024-06-21,64143.56000000,6361.64,6561.77,-200.12,65892.65,66743.59,29.44,30.80,紫色,浅绿
2024-06-22,64262.01000000,6297.92,6509.00,-211.07,65596.17,66507.25,30.76,30.14,白色,浅绿
2024-06-23,63210.01000000,6224.48,6452.10,-227.61,65162.32,66193.22,25.97,28.03,紫色,浅绿
2024-06-24,60293.30000000,6123.25,6386.33,-263.07,64277.05,65631.32,17.55,23.33,紫色,浅绿
2024-06-25,61806.01000000,6038.71,6316.80,-278.09,63827.77,65267.01,30.53,24.84,白色,浅绿
2024-06-26,60864.99000000,5946.21,6242.69,-296.47,63289.08,64847.77,27.53,24.74,紫色,浅绿
2024-06-27,61706.47000000,5863.56,6166.86,-303.30,63001.33,64548.60,33.97,27.87,白色,浅绿
2024-06-28,60427.84000000,5769.60,6087.41,-317.80,62533.42,64156.14,29.54,30.35,紫色,浅绿
2024-06-29,60986.68000000,5682.79,6006.48,-323.69,62252.20,63854.29,33.73,31.55,白色,浅绿
2024-06-30,62772.01000000,5615.01,5928.19,-313.18,62346.71,63751.21,45.30,37.28,纯红,浅绿
2024-07-01,62899.99000000,5549.39,5852.43,-303.04,62447.30,63670.14,46.05,41.07,纯红,浅绿
2024-07-02,62135.47000000,5477.08,5777.36,-300.28,62390.60,63523.98,42.21,43.58,纯红,浅绿
2024-07-03,60208.58000000,5386.85,5699.26,-312.41,61993.87,63208.23,34.21,41.97,白色,浅绿
2024-07-04,57050.01000000,5267.10,5612.82,-345.72,61094.99,62621.73,25.44,35.35,紫色,浅绿
2024-07-05,56628.79000000,5145.71,5519.40,-373.69,60282.95,62050.98,24.51,29.46,紫色,浅绿
2024-07-06,58230.13000000,5042.66,5424.05,-381.38,59909.71,61687.09,34.62,29.02,白色,浅绿
2024-07-07,55857.81000000,4918.30,5322.90,-404.60,59173.00,61131.92,28.36,27.84,紫色,浅绿
2024-07-08,56714.62000000,4805.09,5219.34,-414.25,58726.02,60711.22,33.20,30.22,白色,浅绿
2024-07-09,58050.00000000,4707.43,5116.96,-409.53,58603.11,60457.77,40.20,34.89,纯红,浅绿
2024-07-10,57725.85000000,4608.53,5015.27,-406.74,58443.60,60197.59,39.10,36.47,纯红,浅绿
2024-07-11,57339.89000000,4507.85,4913.79,-405.93,58242.93,59925.43,37.73,38.40,纯红,浅绿
2024-07-12,57889.10000000,4414.66,4813.96,-399.29,58178.59,59731.49,41.00,40.29,纯红,浅绿
2024-07-13,59204.02000000,4336.32,4718.43,-382.11,58365.03,59681.25,48.23,43.20,纯红,浅绿
2024-07-14,60797.91000000,4275.14,4629.77,-354.63,58807.37,59787.60,55.57,48.44,纯红,浅绿
2024-07-15,64724.14000000,4253.60,4554.54,-300.93,59883.15,60257.75,67.99,57.50,纯红,浅绿
2024-07-16,65043.99000000,4235.01,4490.63,-255.62,60821.48,60713.58,68.78,64.60,白色,浅绿
2024-07-17,64087.99000000,4206.72,4433.85,-227.12,61415.39,61034.95,63.57,67.20,白色,浅绿
2024-07-18,63987.92000000,4177.46,4382.57,-205.11,61883.12,61316.19,63.02,67.80,白色,浅绿
2024-07-19,66660.00000000,4174.55,4340.97,-166.41,62751.65,61825.12,70.63,68.79,纯绿,浅绿
2024-07-20,67139.96000000,4175.64,4307.90,-132.26,63549.52,62331.29,71.78,69.88,纯绿,浅绿
2024-07-21,68165.34000000,4185.98,4283.52,-97.53,64388.76,62886.92,74.20,72.60,纯绿,浅绿
2024-07-22,67532.01000000,4188.95,4264.61,-75.65,64960.26,63329.31,70.08,73.42,纯绿,浅绿
2024-07-23,65936.01000000,4175.28,4246.74,-71.46,65137.67,63577.56,60.65,69.29,白色,浅绿
2024-07-24,65376.00000000,4155.67,4228.53,-72.85,65181.00,63748.84,57.63,64.60,白色,浅绿
2024-07-25,65799.95000000,4140.00,4210.82,-70.81,65293.53,63944.19,59.34,60.94,白色,浅绿
2024-07-26,67907.99000000,4144.75,4197.61,-52.85,65768.89,64321.69,66.73,61.38,白色,浅绿
2024-07-27,67896.50000000,4148.43,4187.77,-39.34,66155.73,64662.15,66.66,63.43,白色,浅绿
2024-07-28,68249.88000000,4154.66,4181.15,-26.48,66536.48,65003.84,67.86,66.10,白色,浅绿
2024-07-29,66784.69000000,4145.46,4174.01,-28.55,66581.61,65173.44,58.16,64.44,白色,浅绿
2024-07-30,66188.00000000,4129.83,4165.17,-35.34,66510.04,65270.07,54.62,60.45,白色,浅绿
2024-07-31,64628.00000000,4098.48,4151.84,-53.35,66167.85,65208.92,46.42,54.22,白色,浅绿
2024-08-01,65354.02000000,4074.40,4136.35,-61.94,66019.88,65222.73,50.28,50.31,白色,浅绿
2024-08-02,61498.33000000,4012.25,4111.53,-99.28,65197.78,64868.03,35.28,43.42,白色,浅绿
2024-08-03,60697.99000000,3943.26,4077.87,-134.61,64379.64,64470.88,33.01,37.60,白色,浅绿
2024-08-04,58161.00000000,3850.53,4032.41,-181.87,63248.97,63869.94,26.91,32.11,紫色,浅绿
2024-08-05,54018.81000000,3718.98,3969.72,-250.73,61570.76,62931.74,20.15,24.46,紫色,浅绿
2024-08-06,56022.01000000,3610.32,3897.84,-287.51,60561.90,62273.67,29.64,24.37,紫色,浅绿
2024-08-07,55134.16000000,3495.42,3817.36,-321.93,59575.03,61593.71,28.01,24.12,紫色,浅绿
2024-08-08,61685.99000000,3447.77,3743.44,-295.67,59958.84,61602.50,50.46,33.20,纯红,浅绿
2024-08-09,60837.99000000,3392.49,3673.25,-280.76,60118.69,61529.69,48.30,41.06,纯红,浅绿
2024-08-10,60923.51000000,3339.02,3606.40,-267.38,60265.02,61471.96,48.54,45.86,纯红,浅绿
2024-08-11,58712.59000000,3264.69,3538.06,-273.36,59982.76,61209.16,42.67,47.94,白色,浅绿
2024-08-12,59346.64000000,3198.16,3470.08,-271.91,59867.10,61031.78,44.80,46.34,纯红,浅绿
2024-08-13,60587.15000000,3145.19,3405.10,-259.91,59998.02,60989.43,48.92,46.92,纯红,浅绿
2024-08-14,58683.39000000,3074.41,3338.96,-264.55,59758.99,60769.81,43.40,45.35,白色,浅绿
2024-08-15,57541.06000000,2993.86,3269.94,-276.08,59355.73,60462.31,40.36,44.02,白色,浅绿
2024-08-16,58874.60000000,2928.24,3201.60,-273.36,59268.25,60311.10,45.32,44.35,纯红,浅绿
2024-08-17,59491.99000000,2870.07,3135.30,-265.22,59308.93,60233.09,47.57,44.69,纯红,浅绿
2024-08-18,58427.35000000,2802.56,3068.75,-266.19,59148.64,60061.11,44.10,44.71,白色,浅绿
2024-08-19,59438.50000000,2746.45,3004.29,-257.83,59201.34,60001.81,48.09,46.73,纯红,浅绿
2024-08-20,59013.80000000,2687.28,2940.89,-253.60,59167.24,59907.72,46.54,46.92,纯红,浅绿
2024-08-21,61156.03000000,2650.43,2882.80,-232.36,59528.84,60026.60,54.73,49.64,纯红,浅绿
2024-08-22,60375.84000000,2606.46,2827.53,-221.06,59682.84,60059.86,51.53,51.34,纯红,浅绿
2024-08-23,64037.24000000,2599.35,2781.89,-182.54,60474.55,60438.66,62.84,56.11,白色,浅绿
2024-08-24,64157.01000000,2593.12,2744.14,-151.01,61144.09,60792.79,63.15,60.41,白色,浅绿
2024-08-25,64220.00000000,2587.18,2712.75,-125.56,61703.34,61119.19,63.33,62.51,白色,浅绿
2024-08-26,62834.00000000,2567.26,2683.65,-116.39,61908.91,61282.50,56.57,62.34,白色,浅绿
2024-08-27,59415.00000000,2513.73,2649.67,-135.93,61455.47,61104.65,43.76,55.50,白色,浅绿
2024-08-28,59034.90000000,2457.54,2611.24,-153.69,61015.37,60907.53,42.57,49.40,白色,浅绿
2024-08-29,59359.01000000,2405.73,2570.14,-164.41,60714.21,60760.05,44.01,44.91,白色,浅绿
2024-08-30,59123.99000000,2352.65,2526.64,-173.98,60425.08,60604.23,43.14,42.15,白色,浅绿
2024-08-31,58973.99000000,2299.21,2481.15,-181.94,60161.24,60448.97,42.54,42.00,白色,浅绿
2024-09-01,57301.86000000,2230.41,2431.01,-200.59,59641.36,60149.25,36.30,39.82,白色,浅绿
2024-09-02,59132.13000000,2181.24,2381.05,-199.80,59548.77,60052.38,45.94,41.28,纯红,浅绿
2024-09-03,57487.73000000,2116.90,2328.22,-211.32,59174.03,59808.12,39.91,40.45,白色,浅绿
2024-09-04,57970.90000000,2058.80,2274.34,-215.53,58955.28,59633.15,42.38,40.77,白色,浅绿
2024-09-05,56180.00000000,1984.37,2216.34,-231.97,58450.68,59304.28,36.24,39.94,白色,浅绿
2024-09-06,53962.97000000,1889.90,2151.06,-261.15,57634.73,58795.58,30.22,35.31,白色,浅绿
2024-09-07,54160.86000000,1799.81,2080.81,-280.99,57003.12,58354.18,31.35,33.04,白色,浅绿
2024-09-08,54869.95000000,1719.00,2008.45,-289.44,56615.27,58022.35,35.51,32.24,白色,浅绿
2024-09-09,57042.00000000,1661.65,1939.09,-277.43,56692.86,57928.98,46.54,36.71,纯红,浅绿
2024-09-10,57635.99000000,1611.52,1873.57,-262.05,56864.33,57901.08,49.18,42.42,纯红,浅绿
2024-09-11,57338.00000000,1559.61,1810.78,-251.17,56950.45,57847.45,47.86,46.41,纯红,浅绿
2024-09-12,58132.32000000,1516.76,1751.97,-235.21,57165.34,57874.58,51.69,50.32,纯红,浅绿
2024-09-13,60498.00000000,1498.17,1701.21,-203.03,57771.28,58124.43,61.15,54.94,纯红,浅绿
2024-09-14,59993.03000000,1474.87,1655.95,-181.07,58175.23,58302.39,58.43,57.26,纯红,浅绿
2024-09-15,59132.00000000,1443.49,1613.45,-169.96,58349.19,58381.40,53.90,57.75,纯红,浅绿
2024-09-16,58213.99000000,1403.70,1571.50,-167.80,58324.61,58365.46,49.37,55.80,纯红,浅绿
2024-09-17,60313.99000000,1385.50,1534.30,-148.80,58686.31,58551.03,58.29,55.73,白色,浅绿
2024-09-18,61759.99000000,1381.82,1503.81,-121.99,59245.16,58856.64,63.24,57.97,白色,浅绿
2024-09-19,62947.99000000,1389.67,1480.98,-91.31,59918.40,59246.30,66.83,61.93,白色,浅绿
2024-09-20,63201.05000000,1399.51,1464.68,-65.17,60515.25,59622.94,67.58,66.27,白色,浅绿
2024-09-21,63348.96000000,1410.24,1453.80,-43.55,61030.47,59977.80,68.05,68.37,白色,浅绿
2024-09-22,63578.76000000,1422.64,1447.56,-24.92,61493.79,60320.75,68.83,69.47,白色,浅绿
2024-09-23,63339.99000000,1432.04,1444.46,-12.42,61829.46,60608.29,66.95,69.03,白色,浅绿
2024-09-24,64262.70000000,1449.97,1445.56,4.40,62271.87,60956.33,70.42,69.80,纯绿,纯绿
2024-09-25,63152.01000000,1456.14,1447.68,8.46,62431.89,61165.44,61.74,67.19,白色,纯绿
2024-09-26,65173.99000000,1481.76,1454.49,27.27,62930.46,61547.21,69.38,67.68,白色,纯绿
2024-09-27,65769.95000000,1512.21,1466.04,46.17,63446.73,61949.37,71.26,69.12,纯绿,纯绿
2024-09-28,65858.00000000,1542.32,1481.29,61.03,63885.14,62321.62,71.54,69.76,纯绿,纯绿
2024-09-29,65602.01000000,1568.72,1498.78,69.94,64197.30,62634.04,69.31,71.06,白色,纯绿
2024-09-30,63327.59000000,1571.63,1513.35,58.27,64039.17,62700.09,52.98,64.79,浅黄,纯绿
2024-10-01,60805.78000000,1549.29,1520.54,28.75,63451.28,62519.68,41.06,54.98,浅黄,纯绿
2024-10-02,60649.28000000,1525.77,1521.58,4.18,62941.82,62341.55,40.43,46.68,浅黄,纯绿
2024-10-03,60752.71000000,1503.66,1518.00,-14.34,62543.80,62190.23,41.09,40.54,白色,浅绿
2024-10-04,62086.00000000,1495.04,1513.41,-18.36,62460.56,62180.30,49.17,41.41,白色,浅绿
2024-10-05,62058.00000000,1486.10,1507.95,-21.84,62387.37,62168.65,49.01,44.24,白色,浅绿
2024-10-06,62819.91000000,1484.65,1503.29,-18.63,62466.01,62230.68,53.49,48.30,白色,浅绿
2024-10-07,62224.00000000,1477.07,1498.04,-20.97,62422.01,62230.04,49.70,50.12,白色,浅绿
2024-10-08,62160.49000000,1468.80,1492.20,-23.39,62374.46,62223.42,49.28,49.99,白色,浅绿
2024-10-09,60636.02000000,1445.47,1482.85,-37.38,62058.38,62072.24,40.32,46.65,白色,浅绿
2024-10-10,60326.39000000,1419.49,1470.18,-50.68,61743.47,61905.96,38.73,42.52,白色,浅绿
2024-10-11,62540.00000000,1415.81,1459.31,-43.49,61888.29,61966.35,53.34,45.15,纯红,浅绿
2024-10-12,63206.22000000,1418.52,1451.15,-32.62,62127.92,62084.43,56.79,48.63,白色,浅绿
2024-10-13,62870.02000000,1417.56,1444.43,-26.87,62262.84,62159.25,54.53,52.29,白色,浅绿
2024-10-14,66083.99000000,1448.01,1445.15,2.86,62957.60,62533.03,68.03,60.48,白色,纯绿
2024-10-15,67074.14000000,1487.03,1453.52,33.50,63706.06,62965.52,70.98,65.59,纯绿,纯绿
2024-10-16,67620.01000000,1529.98,1468.82,61.16,64417.68,63408.80,72.53,69.72,纯绿,纯绿
2024-10-17,67421.78000000,1569.41,1488.94,80.47,64963.88,63790.99,71.00,72.95,纯绿,纯绿
2024-10-18,68428.00000000,1617.28,1514.60,102.67,65593.72,64232.61,74.09,74.26,纯绿,纯绿
2024-10-19,68378.00000000,1662.92,1544.27,118.65,66099.95,64627.41,73.65,74.63,纯绿,纯绿
2024-10-20,69031.99000000,1713.33,1578.08,135.24,66633.05,65046.89,75.72,75.41,纯绿,纯绿
2024-10-21,67377.50000000,1745.61,1611.58,134.02,66768.40,65268.85,62.06,71.36,浅黄,纯绿
2024-10-22,67426.00000000,1777.07,1644.68,132.38,66887.97,65474.30,62.28,67.56,浅黄,纯绿
2024-10-23,66668.65000000,1799.79,1675.70,124.08,66848.09,65588.04,56.55,62.45,浅黄,纯绿
2024-10-24,68198.28000000,1836.55,1707.87,128.67,67093.58,65836.64,63.98,60.59,白色,纯绿
2024-10-25,66698.33000000,1857.09,1737.71,119.37,67021.71,65918.70,53.93,57.90,浅黄,纯绿
2024-10-26,67092.76000000,1880.54,1766.28,114.25,67034.63,66030.52,55.95,56.40,浅黄,纯绿
2024-10-27,68021.70000000,1912.07,1795.44,116.63,67214.10,66220.15,60.49,57.86,白色,纯绿
2024-10-28,69962.21000000,1961.42,1828.63,132.78,67713.75,66576.54,68.11,60.47,白色,纯绿
2024-10-29,72736.42000000,2036.25,1870.16,166.09,68626.96,67163.19,75.60,67.16,纯绿,纯绿
2024-10-30,72344.74000000,2104.61,1917.05,187.56,69302.92,67656.67,72.91,71.29,纯绿,纯绿
2024-10-31,70292.01000000,2150.32,1963.70,186.61,69482.76,67907.66,60.42,69.30,浅黄,纯绿
2024-11-01,69496.01000000,2186.40,2008.24,178.15,69485.16,68058.93,56.26,64.78,浅黄,纯绿
2024-11-02,69374.74000000,2219.80,2050.55,169.24,69465.09,68184.24,55.62,59.48,浅黄,纯绿
2024-11-03,68775.99000000,2245.87,2089.62,156.25,69339.80,68240.60,52.32,54.43,浅黄,纯绿
2024-11-04,67850.01000000,2261.60,2124.01,137.58,69068.92,68203.40,47.47,50.81,浅黄,纯绿
2024-11-05,69372.01000000,2291.42,2157.49,133.92,69124.03,68314.70,55.07,51.37,浅黄,纯绿
2024-11-06,75571.99000000,2380.99,2202.19,178.79,70296.39,69005.87,72.84,58.40,纯绿,纯绿
2024-11-07,75857.89000000,2470.26,2255.81,214.44,71307.57,69658.44,73.38,64.96,纯绿,纯绿
2024-11-08,76509.78000000,2562.82,2317.21,245.61,72253.42,70310.95,74.65,71.66,纯绿,纯绿
2024-11-09,76677.46000000,2653.80,2384.53,269.26,73057.79,70917.28,75.00,75.89,纯绿,纯绿
2024-11-10,80370.01000000,2777.94,2463.21,314.72,74387.29,71817.54,81.21,78.38,纯绿,纯绿
2024-11-11,88647.99000000,2979.42,2566.45,412.96,76980.14,73420.44,88.39,82.93,纯绿,纯绿
2024-11-12,87952.01000000,3167.50,2686.66,480.83,78975.02,74804.40,85.34,85.31,纯绿,纯绿
2024-11-13,90375.20000000,3373.26,2823.98,549.28,81047.78,76287.33,87.07,87.82,纯绿,纯绿
2024-11-14,87325.59000000,3542.24,2967.63,574.61,82189.20,77338.59,74.76,84.28,纯绿,纯绿
2024-11-15,91032.07000000,3742.05,3122.52,619.53,83796.99,78642.73,78.81,81.54,纯绿,纯绿
2024-11-16,90586.92000000,3930.82,3284.18,646.64,85031.53,79780.28,77.16,79.25,纯绿,纯绿
2024-11-17,89855.99000000,4106.04,3448.55,657.49,85908.70,80739.87,74.32,76.04,纯绿,纯绿
2024-11-18,90464.08000000,4281.26,3615.09,666.17,86736.95,81665.98,75.16,75.95,纯绿,纯绿
2024-11-19,92310.79000000,4468.66,3785.81,682.85,87750.37,82679.77,77.64,76.05,纯绿,纯绿
2024-11-20,94286.56000000,4669.10,3962.46,706.63,88938.77,83785.18,80.01,77.29,纯绿,纯绿
2024-11-21,98317.12000000,4902.40,4150.45,751.94,90643.92,85169.17,83.89,80.23,纯绿,纯绿
2024-11-22,98892.00000000,5133.51,4347.06,786.44,92143.57,86476.11,84.37,82.66,纯绿,纯绿
2024-11-23,97672.40000000,5344.75,4546.60,798.15,93148.81,87542.42,78.83,82.18,纯绿,纯绿
2024-11-24,97900.04000000,5550.95,4747.47,803.47,94012.67,88528.86,79.11,81.46,纯绿,纯绿
2024-11-25,93010.01000000,5701.78,4938.33,763.44,93830.37,88955.64,59.90,73.17,浅黄,纯绿
2024-11-26,91965.16000000,5836.74,5118.01,718.72,93491.24,89242.26,56.63,65.12,浅黄,纯绿
2024-11-27,95863.11000000,6004.96,5295.40,709.55,93922.49,89872.81,64.63,62.45,浅黄,纯绿
2024-11-28,95643.98000000,6164.86,5469.29,695.56,94235.49,90422.45,63.89,59.95,浅黄,纯绿
2024-11-29,97460.00000000,6336.72,5642.78,693.93,94821.76,91092.69,67.32,62.63,浅黄,纯绿
2024-11-30,96407.99000000,6491.88,5812.60,679.28,95110.16,91598.91,63.44,64.02,浅黄,纯绿
2024-12-01,97185.18000000,6648.84,5979.85,668.99,95487.44,92130.94,65.09,64.30,浅黄,纯绿
2024-12-02,95840.62000000,6786.60,6141.20,645.40,95551.65,92484.24,59.90,62.77,浅黄,纯绿
2024-12-03,95849.69000000,6919.04,6296.77,622.27,95605.84,92804.76,59.92,60.91,浅黄,纯绿
2024-12-04,98587.32000000,7073.18,6452.05,621.12,96147.93,93355.48,66.61,62.52,浅黄,纯绿
2024-12-05,96945.63000000,7205.19,6602.68,602.51,96292.96,93697.40,59.94,61.12,浅黄,纯绿
2024-12-06,99740.84000000,7359.41,6754.02,605.39,96919.85,94272.96,66.32,63.23,白色,纯绿
2024-12-07,99831.99000000,7508.53,6904.93,603.60,97449.33,94802.39,66.51,65.03,浅黄,纯绿
2024-12-08,101109.59000000,7664.35,7056.81,607.53,98114.83,95403.08,69.26,66.28,白色,纯绿
2024-12-09,97276.47000000,7776.29,7200.71,575.58,97962.40,95581.50,54.39,63.11,浅黄,纯绿
2024-12-10,96593.00000000,7876.65,7335.90,540.75,97713.42,95677.83,52.17,58.54,浅黄,纯绿
2024-12-11,101125.00000000,8017.15,7472.15,545.00,98333.70,96196.61,63.22,58.80,白色,纯绿
2024-12-12,100004.29000000,8140.87,7605.89,534.97,98637.45,96559.24,59.45,57.13,浅黄,纯绿
2024-12-13,101424.25000000,8273.32,7739.38,533.94,99144.14,97022.58,62.59,59.62,浅黄,纯绿
2024-12-14,101420.00000000,8400.18,7871.54,528.64,99557.93,97441.38,62.58,62.05,浅黄,纯绿
2024-12-15,104463.99000000,8551.63,8007.56,544.07,100449.94,98110.20,68.95,64.34,白色,纯绿
2024-12-16,106058.66000000,8712.63,8148.57,564.05,101469.71,98867.19,71.75,67.92,纯绿,纯绿
2024-12-17,106133.74000000,8867.89,8292.44,575.45,102317.71,99559.24,71.88,70.33,纯绿,纯绿
2024-12-18,100204.01000000,8958.40,8425.63,532.77,101933.40,99620.65,50.90,64.68,浅黄,纯绿
2024-12-19,97461.86000000,9017.45,8543.99,473.45,101120.39,99415.05,44.27,56.48,浅黄,纯绿
2024-12-20,97805.44000000,9076.37,8650.47,425.89,100517.67,99261.75,45.26,49.62,浅黄,纯绿
2024-12-21,97291.99000000,9126.69,8745.71,380.98,99931.18,99074.16,43.96,43.52,浅黄,纯绿
2024-12-22,95186.27000000,9152.99,8827.17,325.82,99068.47,98703.88,38.87,40.48,浅黄,纯绿
2024-12-23,94881.47000000,9173.70,8896.48,277.22,98307.20,98339.84,38.16,38.95,白色,纯绿
2024-12-24,98663.58000000,9229.26,8963.03,266.22,98371.99,98370.67,50.61,42.04,浅黄,纯绿
2024-12-25,99429.60000000,9288.90,9028.21,260.69,98564.28,98471.52,52.75,45.59,浅黄,纯绿
2024-12-26,95791.60000000,9309.10,9084.38,224.71,98060.16,98216.29,42.93,45.84,白色,纯绿
2024-12-27,94299.03000000,9312.17,9129.94,182.23,97376.32,97843.22,39.57,44.96,白色,纯绿
2024-12-28,95300.00000000,9323.18,9168.59,154.59,96998.80,97601.01,42.90,43.18,白色,纯绿
2024-12-29,93738.20000000,9316.64,9198.20,118.43,96405.97,97233.12,39.16,39.98,白色,纯绿
2024-12-30,92792.05000000,9299.13,9218.39,80.74,95748.89,96810.16,36.99,38.35,白色,纯绿
2024-12-31,93576.00000000,9288.04,9232.32,55.71,95353.82,96502.15,40.05,38.75,白色,纯绿
2025-01-01,94591.79000000,9285.44,9242.94,42.50,95215.27,96320.21,43.96,39.89,白色,纯绿
2025-01-02,96984.79000000,9304.67,9255.29,49.38,95537.00,96383.50,52.15,44.48,白色,纯绿
2025-01-03,98174.18000000,9333.22,9270.87,62.34,96016.48,96554.04,55.72,49.93,白色,纯绿
2025-01-04,98220.50000000,9359.54,9288.61,70.93,96417.21,96712.75,55.86,53.88,白色,纯绿
2025-01-05,98363.61000000,9384.65,9307.82,76.83,96771.10,96869.97,56.34,56.58,白色,纯绿
2025-01-06,102235.60000000,9445.31,9335.31,109.99,97764.65,97380.99,67.14,61.22,白色,纯绿
2025-01-07,96954.61000000,9450.29,9358.31,91.98,97617.37,97340.38,48.83,57.72,浅黄,纯绿
2025-01-08,95060.61000000,9434.60,9373.57,61.03,97152.50,97123.26,44.05,53.09,浅黄,纯绿
2025-01-09,92552.49000000,9392.81,9377.42,15.39,96316.13,96687.95,38.50,47.19,白色,纯绿
2025-01-10,94726.11000000,9371.82,9376.30,-4.47,96027.04,96501.10,45.15,42.82,白色,浅绿
2025-01-11,94599.99000000,9348.35,9370.71,-22.35,95767.57,96320.04,44.84,42.46,白色,浅绿
2025-01-12,94545.06000000,9323.20,9361.21,-38.00,95545.30,96151.00,44.69,42.98,白色,浅绿
2025-01-13,94536.10000000,9296.87,9348.34,-51.47,95361.81,95997.20,44.66,44.41,白色,浅绿
2025-01-14,96560.86000000,9289.43,9336.56,-47.12,95579.82,96050.88,51.96,47.02,纯红,浅绿
2025-01-15,100497.35000000,9319.16,9333.08,-13.91,96473.91,96474.35,62.61,53.09,纯红,浅绿
2025-01-16,99987.30000000,9341.15,9334.69,6.45,97112.71,96808.92,60.68,57.37,白色,纯绿
2025-01-17,104077.48000000,9400.95,9347.94,53.00,98379.03,97501.16,69.17,63.98,白色,纯绿
2025-01-18,104556.23000000,9461.84,9370.72,91.11,99502.16,98173.07,70.02,68.36,纯绿,纯绿
2025-01-19,101331.57000000,9487.30,9394.04,93.26,99834.78,98473.88,58.12,65.68,白色,纯绿
2025-01-20,102260.01000000,9519.29,9419.09,100.19,100275.73,98834.46,60.28,64.63,白色,纯绿
2025-01-21,106143.82000000,9586.71,9452.61,134.10,101342.65,99530.59,67.96,65.01,白色,纯绿
2025-01-22,103706.66000000,9626.25,9487.34,138.90,101772.47,99928.31,59.89,62.24,白色,纯绿
2025-01-23,103910.34000000,9664.72,9522.82,141.90,102161.17,100307.55,60.32,62.29,白色,纯绿
2025-01-24,104870.50000000,9709.62,9560.18,149.44,102653.78,100742.12,62.47,62.72,白色,纯绿
2025-01-25,104746.85000000,9750.05,9598.15,151.90,103034.33,101123.52,61.99,61.50,白色,纯绿
2025-01-26,102620.00000000,9766.42,9631.81,134.61,102959.00,101266.04,54.06,59.09,浅黄,纯绿
2025-01-27,102082.83000000,9775.09,9660.46,114.62,102799.70,101343.83,52.19,56.35,浅黄,纯绿
2025-01-28,101335.52000000,9774.21,9683.21,90.99,102533.48,101343.04,49.53,52.76,浅黄,纯绿
2025-01-29,103733.24000000,9795.05,9705.58,89.47,102751.62,101570.68,57.28,52.73,浅黄,纯绿
2025-01-30,104722.94000000,9823.10,9729.08,94.01,103110.04,101870.89,60.08,55.16,白色,纯绿
2025-01-31,102429.56000000,9825.79,9748.43,77.36,102986.31,101924.10,51.39,54.33,浅黄,纯绿
2025-02-01,100635.65000000,9808.79,9760.50,48.29,102558.92,101801.39,45.64,52.04,浅黄,纯绿
2025-02-02,97700.59000000,9761.45,9760.69,0.75,101675.59,101410.84,37.94,45.96,浅黄,纯绿
2025-02-03,101328.52000000,9749.32,9758.41,-9.09,101612.48,101403.00,49.62,44.72,白色,浅绿
2025-02-04,97763.13000000,9700.50,9746.83,-46.32,100912.60,101056.34,41.16,42.21,白色,浅绿
2025-02-05,96612.43000000,9639.88,9725.44,-85.55,100130.75,100633.11,38.79,40.34,白色,浅绿
2025-02-06,96554.35000000,9578.58,9696.07,-117.48,99480.49,100244.66,38.66,40.17,白色,浅绿
2025-02-07,96506.80000000,9516.74,9660.21,-143.46,98939.82,99888.67,38.55,37.86,白色,浅绿
2025-02-08,96444.74000000,9454.24,9619.01,-164.77,98486.17,99560.68,38.38,37.45,白色,浅绿
2025-02-09,96462.75000000,9391.90,9573.59,-181.69,98118.27,99265.64,38.47,37.58,白色,浅绿
2025-02-10,97430.82000000,9339.09,9526.69,-187.60,97993.28,99090.89,43.09,39.39,白色,浅绿
2025-02-11,95778.20000000,9269.71,9475.29,-205.57,97590.54,98775.40,37.72,38.93,白色,浅绿
2025-02-12,97869.99000000,9221.17,9424.47,-203.29,97641.35,98689.17,47.00,41.97,纯红,浅绿
2025-02-13,96608.14000000,9159.82,9371.54,-211.72,97453.49,98490.97,42.73,42.88,白色,浅绿
2025-02-14,97500.48000000,9107.26,9318.68,-211.42,97462.03,98396.64,46.55,44.18,纯红,浅绿
2025-02-15,97569.66000000,9055.15,9265.98,-210.82,97481.60,98317.88,46.85,46.32,纯红,浅绿
2025-02-16,96118.12000000,8988.49,9210.48,-221.98,97233.69,98108.38,41.35,44.39,白色,浅绿
2025-02-17,95780.00000000,8918.70,9152.12,-233.42,96969.39,97886.63,40.13,43.14,白色,浅绿
2025-02-18,95671.74000000,8848.15,9091.33,-243.17,96733.45,97675.69,39.71,41.28,白色,浅绿
2025-02-19,96644.37000000,8787.52,9030.57,-243.04,96717.25,97577.46,45.38,41.75,纯红,浅绿
2025-02-20,98305.00000000,8743.31,8973.12,-229.80,97005.93,97646.75,53.64,46.15,纯红,浅绿
2025-02-21,96181.98000000,8677.78,8914.05,-236.27,96856.12,97507.25,44.15,46.52,白色,浅绿
2025-02-22,96551.01000000,8616.10,8854.46,-238.35,96800.65,97416.18,45.99,47.56,白色,浅绿
2025-02-23,96258.00000000,8551.66,8793.90,-242.23,96701.98,97305.88,44.69,46.92,白色,浅绿
2025-02-24,91552.88000000,8441.09,8723.34,-282.24,95765.78,96757.97,29.69,39.43,紫色,浅绿
2025-02-25,88680.40000000,8303.82,8639.44,-335.61,94477.53,95988.68,24.18,33.03,紫色,浅绿
2025-02-26,84250.09000000,8125.33,8536.61,-411.28,92617.99,94870.72,18.35,25.33,紫色,浅绿
2025-02-27,84708.58000000,7955.03,8420.30,-465.26,91179.92,93902.89,20.55,20.08,紫色,浅绿
2025-02-28,84349.94000000,7784.67,8293.17,-508.50,89938.10,92993.09,20.08,18.33,紫色,浅绿
2025-03-01,86064.53000000,7634.69,8161.48,-526.78,89233.82,92333.23,28.75,21.06,紫色,浅绿
2025-03-02,94270.00000000,7568.48,8042.88,-474.39,90149.48,92517.68,54.82,33.83,纯红,浅绿
2025-03-03,86220.61000000,7423.44,7918.99,-495.54,89435.14,91917.96,39.19,38.19,白色,浅绿
2025-03-04,87281.98000000,7291.68,7793.53,-501.84,89043.66,91476.44,41.63,42.73,白色,浅绿
2025-03-05,90606.01000000,7195.12,7673.85,-478.72,89327.72,91393.54,48.77,47.47,纯红,浅绿
2025-03-06,89931.89000000,7093.36,7557.75,-464.39,89437.57,91254.33,47.46,46.13,纯红,浅绿
2025-03-07,86801.75000000,6962.37,7438.67,-476.30,88958.33,90830.28,41.69,45.78,白色,浅绿
2025-03-08,86222.45000000,6828.17,7316.57,-488.40,88460.89,90391.44,40.67,44.68,白色,浅绿
2025-03-09,80734.37000000,6642.53,7181.76,-539.23,87056.07,89471.71,32.36,39.45,白色,浅绿
2025-03-10,78595.86000000,6439.99,7033.41,-593.41,85517.85,88435.92,29.73,34.46,紫色,浅绿
2025-03-11,82932.99000000,6284.91,6883.71,-598.80,85047.87,87911.83,40.61,35.38,白色,浅绿
2025-03-12,83680.12000000,6140.52,6735.07,-594.54,84799.19,87508.81,42.32,36.94,纯红,浅绿
2025-03-13,81115.78000000,5973.94,6582.85,-608.90,84129.48,86899.95,38.13,38.21,白色,浅绿
2025-03-14,83983.20000000,5839.34,6434.14,-594.80,84102.88,86622.16,44.90,42.18,纯红,浅绿
2025-03-15,84338.44000000,5711.08,6289.53,-578.45,84145.71,86404.66,45.72,43.75,纯红,浅绿
2025-03-16,82574.53000000,5568.10,6145.24,-577.14,83860.04,86039.89,42.26,43.47,纯红,浅绿
2025-03-17,84010.03000000,5442.39,6004.67,-562.28,83887.31,85846.57,45.96,45.35,纯红,浅绿
2025-03-18,82715.03000000,5306.57,5865.05,-558.48,83674.17,85548.33,43.18,44.64,纯红,浅绿
2025-03-19,86845.94000000,5214.41,5734.93,-520.51,84250.85,85671.91,53.19,47.55,纯红,浅绿
2025-03-20,84223.39000000,5098.12,5607.56,-509.44,84245.86,85533.95,47.31,48.43,纯红,浅绿
2025-03-21,84088.79000000,4982.93,5482.64,-499.71,84217.30,85396.32,47.02,48.36,纯红,浅绿
2025-03-22,83840.59000000,4867.71,5359.65,-491.93,84148.81,85248.15,46.42,48.60,纯红,浅绿
2025-03-23,86082.50000000,4777.03,5243.13,-466.09,84500.39,85327.61,52.46,49.17,纯红,浅绿
2025-03-24,87498.16000000,4702.04,5134.91,-432.87,85045.43,85534.33,55.95,51.97,纯红,浅绿
2025-03-25,87392.87000000,4627.30,5033.39,-406.09,85472.24,85711.34,55.61,54.20,纯红,浅绿
2025-03-26,86909.17000000,4549.09,4936.53,-387.44,85733.50,85825.41,53.95,55.52,纯红,浅绿
2025-03-27,87232.01000000,4475.47,4844.32,-368.84,86005.95,85959.38,54.95,55.87,白色,浅绿
2025-03-28,84424.38000000,4375.49,4750.55,-375.05,85718.39,85813.19,45.44,52.07,白色,浅绿
2025-03-29,82648.54000000,4260.11,4652.46,-392.35,85160.24,85511.79,40.52,47.22,白色,浅绿
2025-03-30,82389.99000000,4144.75,4550.92,-406.17,84656.56,85214.48,39.82,43.30,白色,浅绿
2025-03-31,82550.01000000,4033.56,4447.45,-413.88,84273.55,84960.72,40.52,40.18,白色,浅绿
2025-04-01,85158.34000000,3950.56,4348.07,-397.51,84434.42,84979.54,50.93,43.13,纯红,浅绿
2025-04-02,82516.29000000,3843.20,4247.10,-403.89,84085.67,84744.94,42.55,43.39,白色,浅绿
2025-04-03,83213.09000000,3745.13,4146.70,-401.57,83927.01,84599.05,45.19,44.70,纯红,浅绿
2025-04-04,83889.87000000,3655.88,4048.54,-392.65,83920.26,84531.51,47.78,46.58,纯红,浅绿
2025-04-05,83537.99000000,3565.08,3951.85,-386.76,83850.76,84436.89,46.51,45.76,纯红,浅绿
2025-04-06,78430.00000000,3425.94,3846.67,-420.72,82865.16,83864.80,32.55,41.54,白色,浅绿
2025-04-07,79163.24000000,3297.47,3736.83,-439.35,82192.09,83417.03,35.63,38.73,白色,浅绿
2025-04-08,76322.42000000,3144.15,3618.29,-474.14,81124.87,82741.36,29.77,33.83,紫色,浅绿
2025-04-09,82615.22000000,3056.74,3505.98,-449.24,81395.84,82729.34,50.00,37.40,纯红,浅绿
2025-04-10,79607.30000000,2941.68,3393.12,-451.44,81070.65,82432.00,43.36,40.45,白色,浅绿
2025-04-11,83423.84000000,2867.04,3287.90,-420.86,81498.50,82526.46,52.29,45.63,纯红,浅绿
2025-04-12,85276.90000000,2812.29,3192.78,-380.48,82185.48,82788.41,56.03,52.30,纯红,浅绿
2025-04-13,83760.00000000,2743.67,3102.96,-359.29,82471.76,82880.94,52.30,52.71,纯红,浅绿
2025-04-14,84591.58000000,2684.72,3019.31,-334.58,82857.18,83043.86,54.16,54.94,纯红,浅绿
2025-04-15,83643.99000000,2617.66,2938.98,-321.32,83000.24,83101.01,51.61,54.21,纯红,浅绿
2025-04-16,84030.38000000,2555.86,2862.36,-306.49,83187.53,83189.53,52.62,53.30,纯红,浅绿
2025-04-17,84947.91000000,2504.43,2790.77,-286.34,83507.60,83356.99,55.09,54.13,白色,浅绿
2025-04-18,84474.69000000,2449.36,2722.49,-273.12,83683.43,83463.44,53.49,53.90,白色,浅绿
2025-04-19,85077.01000000,2401.38,2658.27,-256.89,83936.81,83617.11,55.32,54.83,白色,浅绿
2025-04-20,85179.24000000,2355.34,2597.68,-242.34,84162.71,83765.88,55.65,55.53,白色,浅绿
2025-04-21,87516.23000000,2333.22,2544.79,-211.56,84772.44,84123.06,62.65,58.20,白色,浅绿
2025-04-22,93442.99000000,2369.69,2509.77,-140.08,86348.90,85010.67,74.15,64.86,纯绿,浅绿
2025-04-23,93691.08000000,2407.06,2489.23,-82.17,87683.84,85837.38,74.51,70.10,纯绿,浅绿
2025-04-24,93980.47000000,2445.70,2480.52,-34.82,88828.68,86612.91,74.97,74.50,纯绿,浅绿
2025-04-25,94638.68000000,2489.19,2482.26,6.93,89885.04,87377.27,76.05,77.22,纯绿,纯绿
2025-04-26,94628.00000000,2530.81,2491.97,38.84,90747.40,88067.81,76.00,77.33,纯绿,纯绿
2025-04-27,93749.30000000,2562.04,2505.98,56.06,91293.20,88608.91,70.92,75.51,纯绿,纯绿
2025-04-28,95011.18000000,2604.28,2525.64,78.63,91969.19,89218.65,73.72,74.96,纯绿,纯绿
2025-04-29,94256.82000000,2637.32,2547.98,89.34,92385.13,89698.47,69.29,72.70,白色,纯绿
2025-04-30,94172.00000000,2668.03,2571.99,96.04,92710.01,90124.52,68.77,70.67,白色,纯绿
2025-05-01,96489.91000000,2720.15,2601.62,118.52,93397.26,90730.75,74.53,72.03,纯绿,纯绿
2025-05-02,96887.14000000,2774.10,2636.12,137.98,94031.79,91317.07,75.40,72.95,纯绿,纯绿
2025-05-03,95856.42000000,2815.75,2672.04,143.70,94363.54,91749.39,68.68,72.06,白色,纯绿
2025-05-04,94277.62000000,2840.07,2705.65,134.41,94347.91,91990.17,59.63,68.14,浅黄,纯绿
2025-05-05,94733.68000000,2867.60,2738.04,129.55,94418.05,92251.46,61.27,64.48,浅黄,纯绿
2025-05-06,96834.02000000,2914.44,2773.32,141.12,94857.32,92687.89,67.92,63.75,白色,纯绿
2025-05-07,97030.50000000,2961.26,2810.91,150.35,95252.44,93101.47,68.49,64.57,白色,纯绿
2025-05-08,103261.60000000,3067.50,2862.23,205.27,96708.65,94069.10,80.53,71.27,纯绿,纯绿
2025-05-09,102971.99000000,3167.14,2923.21,243.93,97847.44,94917.00,78.97,75.89,纯绿,纯绿
2025-05-10,104809.53000000,3281.32,2994.83,286.48,99113.27,95859.14,81.49,79.38,纯绿,纯绿
2025-05-11,104118.00000000,3384.66,3072.80,311.86,100023.22,96645.70,77.60,80.71,纯绿,纯绿
2025-05-12,102791.32000000,3471.21,3152.48,318.73,100526.51,97231.00,70.42,77.00,纯绿,纯绿
2025-05-13,104103.72000000,3567.45,3235.48,331.97,101176.91,97885.54,73.15,75.24,纯绿,纯绿
2025-05-14,103507.82000000,3654.27,3319.23,335.03,101600.71,98421.00,69.90,72.16,白色,纯绿
2025-05-15,103763.71000000,3740.33,3403.45,336.87,101993.98,98929.83,70.52,70.58,纯绿,纯绿
2025-05-16,103463.90000000,3820.15,3486.79,333.35,102261.24,99361.64,68.66,69.91,浅黄,纯绿
2025-05-17,103126.65000000,3893.54,3568.14,325.39,102418.59,99720.21,66.48,68.07,浅黄,纯绿
2025-05-18,106454.26000000,3996.77,3653.87,342.90,103152.34,100361.55,75.16,70.32,纯绿,纯绿
2025-05-19,105573.74000000,4087.49,3740.59,346.89,103592.60,100857.95,69.84,70.11,白色,纯绿
2025-05-20,106849.99000000,4187.30,3829.93,357.36,104184.85,101428.62,72.92,71.39,纯绿,纯绿
2025-05-21,109643.99000000,4310.86,3926.12,384.73,105177.42,102211.04,78.32,74.80,纯绿,纯绿
2025-05-22,111696.21000000,4450.13,4030.92,419.21,106362.65,103114.38,81.35,77.12,纯绿,纯绿
2025-05-23,107318.30000000,4541.29,4132.99,408.29,106536.41,103514.76,61.09,72.62,浅黄,纯绿
2025-05-24,107761.91000000,4633.22,4233.04,400.17,106759.22,103919.25,62.15,68.76,浅黄,纯绿
2025-05-25,109004.19000000,4733.76,4333.18,400.57,107167.40,104403.53,65.11,65.69,白色,纯绿
2025-05-26,109434.79000000,4834.64,4433.48,401.16,107579.65,104882.69,66.13,63.01,白色,纯绿
2025-05-27,108938.17000000,4926.69,4532.12,394.57,107826.65,105268.93,63.75,63.62,浅黄,纯绿
2025-05-28,107781.78000000,5003.66,4626.43,377.23,107818.49,105508.25,58.30,61.95,浅黄,纯绿
2025-05-29,105589.75000000,5055.78,4712.30,343.47,107413.27,105516.01,49.40,56.82,浅黄,纯绿
2025-05-30,103985.48000000,5089.55,4787.75,301.80,106790.03,105370.24,43.95,50.44,浅黄,纯绿
2025-05-31,104591.88000000,5127.29,4855.66,271.63,106390.37,105296.11,46.43,46.57,浅黄,纯绿
2025-06-01,105642.93000000,5173.27,4919.18,254.08,106254.47,105329.14,50.64,45.92,浅黄,纯绿
2025-06-02,105857.99000000,5218.98,4979.14,239.84,106182.38,105379.51,51.51,47.32,浅黄,纯绿
2025-06-03,105376.89000000,5257.58,5034.83,222.75,106035.93,105379.26,49.36,48.67,浅黄,纯绿
2025-06-04,104696.86000000,5287.30,5085.32,201.97,105792.46,105314.27,46.32,48.22,浅黄,纯绿
2025-06-05,101508.68000000,5283.69,5124.99,158.69,105013.59,104951.83,35.06,42.99,浅黄,纯绿
2025-06-06,104288.44000000,5306.53,5161.30,145.22,104881.74,104888.65,47.43,43.06,白色,纯绿
2025-06-07,105552.15000000,5340.10,5197.06,143.03,105003.63,104951.84,52.05,45.18,浅黄,纯绿
2025-06-08,105734.00000000,5373.42,5232.33,141.08,105136.43,105026.33,52.71,47.72,浅黄,纯绿
2025-06-09,110263.02000000,5449.31,5275.73,173.58,106068.53,105525.06,65.81,56.60,白色,纯绿
2025-06-10,110274.39000000,5522.00,5324.98,197.01,106833.23,105977.38,65.83,61.62,白色,纯绿
2025-06-11,108645.12000000,5575.40,5375.07,200.33,107162.67,106231.45,58.63,62.27,白色,纯绿
2025-06-12,105671.73000000,5596.83,5419.42,177.41,106891.59,106178.14,47.98,58.81,浅黄,纯绿
2025-06-13,106066.59000000,5620.41,5459.62,160.79,106741.59,106167.52,49.33,54.09,浅黄,纯绿
2025-06-14,105414.64000000,5635.77,5494.85,140.92,106500.32,106095.81,47.08,49.41,浅黄,纯绿
2025-06-15,105594.01000000,5651.33,5526.14,125.18,106335.54,106048.02,47.81,47.15,浅黄,纯绿
2025-06-16,106794.53000000,5677.15,5556.35,120.80,106418.99,106119.12,52.66,49.00,浅黄,纯绿
2025-06-17,104551.17000000,5678.98,5580.87,98.10,106079.39,105969.79,44.14,47.18,浅黄,纯绿
2025-06-18,104886.78000000,5682.94,5601.29,81.65,105862.55,105866.65,45.60,46.62,白色,纯绿
2025-06-19,104658.59000000,5683.42,5617.71,65.70,105643.64,105751.59,44.72,45.71,白色,纯绿
2025-06-20,103297.99000000,5669.36,5628.04,41.32,105217.16,105517.92,39.63,42.24,白色,纯绿
2025-06-21,102120.01000000,5643.00,5631.03,11.96,104654.04,105194.30,35.71,39.52,白色,纯绿
2025-06-22,100963.87000000,5604.91,5625.81,-20.89,103983.10,104791.41,32.24,35.77,白色,浅绿
2025-06-23,105333.93000000,5609.90,5622.63,-12.73,104228.71,104843.07,51.88,40.00,纯红,浅绿
2025-06-24,106083.00000000,5621.01,5622.30,-1.29,104565.85,104961.16,54.40,45.30,纯红,浅绿
2025-06-25,107340.58000000,5643.08,5626.46,16.61,105070.34,105187.77,58.45,51.83,白色,纯绿
2025-06-26,106947.06000000,5659.50,5633.07,26.43,105411.56,105355.32,56.70,57.16,白色,纯绿
2025-06-27,107047.59000000,5675.32,5641.52,33.80,105709.02,105516.49,57.07,58.09,白色,纯绿
2025-06-28,107296.79000000,5692.00,5651.61,40.38,105997.71,105686.04,58.04,58.74,白色,纯绿
2025-06-29,108356.93000000,5717.52,5664.79,52.72,106426.66,105940.41,62.11,60.02,白色,纯绿
2025-06-30,107146.50000000,5729.22,5677.68,51.54,106557.54,106055.28,55.31,58.91,浅黄,纯绿
2025-07-01,105681.14000000,5725.02,5687.15,37.87,106398.19,106019.65,48.20,55.35,浅黄,纯绿
2025-07-02,108849.60000000,5751.03,5699.92,51.10,106843.90,106289.16,60.41,56.70,白色,纯绿
2025-07-03,109584.78000000,5782.38,5716.42,65.96,107342.24,106603.03,62.68,57.89,白色,纯绿
2025-07-04,107984.24000000,5795.89,5732.31,63.58,107458.97,106734.57,55.05,57.33,浅黄,纯绿
2025-07-05,108198.12000000,5809.98,5747.84,62.13,107593.36,106873.96,55.85,58.45,浅黄,纯绿
2025-07-06,109203.84000000,5832.40,5764.76,67.64,107886.17,107095.85,59.60,58.51,白色,纯绿
2025-07-07,108262.94000000,5843.75,5780.56,63.19,107954.67,107207.00,54.76,56.39,浅黄,纯绿
2025-07-08,108922.98000000,5860.11,5796.47,63.64,108130.73,107370.43,57.45,57.02,白色,纯绿
2025-07-09,111233.99000000,5897.61,5816.69,80.91,108694.96,107738.39,65.44,60.30,白色,纯绿
2025-07-10,116010.00000000,5979.88,5849.33,130.54,110024.96,108526.16,75.86,66.08,纯绿,纯绿
2025-07-11,117527.66000000,6073.49,5894.16,179.33,111389.09,109383.44,78.18,72.54,纯绿,纯绿
2025-07-12,117420.00000000,6162.09,5947.75,214.33,112485.62,110148.83,77.59,77.12,纯绿,纯绿
2025-07-13,119086.64000000,6263.26,6010.85,252.41,113685.80,111000.05,80.16,80.34,纯绿,纯绿
2025-07-14,119841.18000000,6367.65,6082.21,285.43,114804.96,111842.06,81.24,81.48,纯绿,纯绿
2025-07-15,117758.09000000,6447.18,6155.20,291.97,115341.89,112405.49,69.60,77.77,白色,纯绿
2025-07-16,118630.43000000,6531.67,6230.50,301.17,115939.81,112998.34,71.50,75.52,纯绿,纯绿
2025-07-17,119177.56000000,6617.78,6307.95,309.82,116528.49,113586.84,72.69,73.65,纯绿,纯绿
2025-07-18,117924.84000000,6687.69,6383.90,303.79,116782.37,113999.98,65.71,69.38,浅黄,纯绿
2025-07-19,117840.00000000,6753.39,6457.80,295.58,116974.67,114365.70,65.24,67.84,浅黄,纯绿
2025-07-20,117265.12000000,6810.15,6528.27,281.87,117027.47,114641.83,61.90,65.01,浅黄,纯绿
2025-07-21,117380.36000000,6865.02,6595.62,269.40,117091.63,114902.64,62.33,62.64,浅黄,纯绿
2025-07-22,119954.42000000,6942.28,6664.95,277.32,117612.14,115383.77,70.57,64.97,纯绿,纯绿
2025-07-23,118755.99000000,7004.08,6732.78,271.30,117820.11,115704.93,63.40,64.34,浅黄,纯绿
2025-07-24,118340.99000000,7058.59,6797.94,260.64,117914.82,115955.98,61.01,63.58,浅黄,纯绿
2025-07-25,117614.31000000,7102.93,6858.94,243.99,117860.18,116113.92,56.85,61.35,浅黄,纯绿
2025-07-26,117919.99000000,7147.58,6916.67,230.91,117871.05,116285.92,58.18,58.53,浅黄,纯绿
2025-07-27,119415.55000000,7204.23,6974.18,230.05,118151.87,116583.98,64.19,59.70,浅黄,纯绿
2025-07-28,118062.32000000,7244.46,7028.23,216.22,118135.59,116724.78,56.08,58.15,浅黄,纯绿
2025-07-29,117950.76000000,7280.97,7078.78,202.18,118101.98,116841.54,55.44,57.40,浅黄,纯绿
2025-07-30,117840.30000000,7313.88,7125.80,188.07,118054.40,116936.66,54.75,56.30,浅黄,纯绿
2025-07-31,115764.08000000,7323.92,7165.43,158.49,117637.98,116824.98,43.47,50.20,浅黄,纯绿
2025-08-01,113297.93000000,7307.93,7193.93,114.00,116848.88,116489.07,34.17,43.30,浅黄,纯绿
2025-08-02,112546.35000000,7283.56,7211.85,71.70,116066.60,116113.57,31.87,36.93,白色,纯绿
2025-08-03,114208.80000000,7274.86,7224.45,50.40,115728.82,115932.17,41.56,35.38,白色,纯绿
2025-08-04,115055.03000000,7273.32,7234.23,39.09,115606.31,115848.63,45.91,37.74,白色,纯绿
2025-08-05,114129.75000000,7261.27,7239.64,21.63,115337.84,115684.93,42.10,39.97,白色,纯绿
2025-08-06,114992.27000000,7256.65,7243.04,13.61,115275.01,115618.96,46.69,43.89,白色,纯绿
2025-08-07,117472.01000000,7275.16,7249.46,25.69,115674.46,115795.44,57.45,49.24,白色,纯绿
2025-08-08,116674.74000000,7283.84,7256.34,27.50,115856.33,115879.18,53.58,51.42,白色,纯绿
2025-08-09,116462.25000000,7288.74,7262.82,25.91,115966.50,115934.71,52.54,53.52,浅黄,纯绿
2025-08-10,119294.01000000,7319.95,7274.24,45.70,116571.50,116254.64,63.18,58.28,白色,纯绿
2025-08-11,118686.00000000,7342.80,7287.96,54.84,116955.95,116486.20,59.97,59.04,白色,纯绿
2025-08-12,120134.08000000,7377.80,7305.92,71.87,117533.79,116833.62,64.71,62.10,白色,纯绿
2025-08-13,123306.43000000,7441.57,7333.05,108.51,118583.36,117450.08,72.61,67.66,纯绿,纯绿
2025-08-14,118295.09000000,7452.61,7356.96,95.64,118530.95,117530.55,52.13,62.83,浅黄,纯绿
2025-08-15,117342.05000000,7452.47,7376.07,76.40,118314.78,117512.60,49.20,58.39,浅黄,纯绿
2025-08-16,117380.66000000,7451.25,7391.10,60.14,118144.94,117500.03,49.32,53.94,浅黄,纯绿
2025-08-17,117405.01000000,7448.83,7402.65,46.18,118010.41,117490.98,49.41,48.90,浅黄,纯绿
2025-08-18,116227.05000000,7433.41,7408.80,24.61,117686.16,117370.61,45.13,46.94,浅黄,纯绿
2025-08-19,112872.94000000,7383.94,7403.83,-19.88,116811.03,116942.26,35.41,42.34,白色,浅绿
2025-08-20,114271.24000000,7348.26,7392.71,-44.45,116349.25,116687.88,41.27,40.68,白色,浅绿
2025-08-21,112500.00000000,7294.73,7373.12,-78.39,115649.38,116289.03,36.60,37.61,白色,浅绿
2025-08-22,116935.99000000,7285.04,7355.50,-70.45,115883.31,116350.64,51.78,41.39,纯红,浅绿
2025-08-23,115438.05000000,7259.45,7336.29,-76.83,115802.35,116263.73,47.51,44.71,白色,浅绿
2025-08-24,113493.59000000,7214.03,7311.84,-97.80,115382.58,115999.91,42.46,44.51,白色,浅绿
2025-08-25,110111.98000000,7135.22,7276.52,-141.29,114424.29,115439.15,35.22,42.58,白色,浅绿
2025-08-26,111763.22000000,7073.60,7235.93,-162.33,113940.46,115089.06,40.71,40.22,白色,浅绿
2025-08-27,111262.01000000,7007.46,7190.24,-182.77,113453.46,114724.58,39.58,38.66,白色,浅绿
2025-08-28,112566.90000000,6954.76,7143.14,-188.38,113292.27,114519.09,44.07,39.94,白色,浅绿
2025-08-29,108377.40000000,6860.97,7086.71,-225.73,112398.66,113934.16,34.83,38.94,白色,浅绿
2025-08-30,108816.33000000,6772.92,7023.95,-251.02,111747.32,113446.75,36.38,37.69,白色,浅绿
2025-08-31,108246.35000000,6680.53,6955.27,-274.73,111110.78,112951.47,35.17,36.43,白色,浅绿
2025-09-01,109237.42000000,6599.31,6884.08,-284.76,110770.17,112597.75,39.08,36.01,白色,浅绿
2025-09-02,111240.01000000,6538.93,6815.05,-276.11,110855.59,112468.44,46.35,39.98,纯红,浅绿
2025-09-03,111705.71000000,6483.63,6748.76,-265.13,111010.16,112395.80,47.95,43.53,纯红,浅绿
2025-09-04,110730.87000000,6419.08,6682.83,-263.74,110959.38,112237.24,44.83,45.52,纯红,浅绿
2025-09-05,110659.99000000,6354.47,6617.15,-262.68,110904.94,112087.02,44.60,46.36,纯红,浅绿
2025-09-06,110187.97000000,6285.88,6550.90,-265.02,110774.58,111906.16,42.94,45.12,白色,浅绿
2025-09-07,111137.34000000,6227.42,6486.20,-258.78,110840.54,111832.94,47.32,45.40,纯红,浅绿
2025-09-08,112065.23000000,6178.61,6424.68,-246.07,111063.21,111855.06,51.37,47.68,纯红,浅绿
2025-09-09,111546.39000000,6124.91,6364.73,-239.82,111151.06,111825.66,49.03,48.73,纯红,浅绿
2025-09-10,113960.00000000,6095.37,6310.86,-215.48,111661.77,112028.93,58.76,53.43,纯红,浅绿
2025-09-11,115482.69000000,6080.50,6264.78,-184.28,112356.49,112357.86,63.62,58.25,纯红,浅绿
2025-09-12,116029.42000000,6070.26,6225.88,-155.62,113024.29,112707.53,65.26,62.05,白色,浅绿
2025-09-13,115918.29000000,6058.03,6192.31,-134.27,113550.47,113013.32,64.60,65.34,白色,浅绿
2025-09-14,115268.01000000,6038.56,6161.56,-122.99,113862.75,113228.05,60.64,64.83,白色,浅绿
2025-09-15,115349.71000000,6019.29,6133.11,-113.81,114133.11,113430.11,60.97,63.65,白色,浅绿
2025-09-16,116788.96000000,6013.57,6109.20,-95.62,114615.99,113750.00,66.53,64.40,白色,浅绿
2025-09-17,116447.59000000,6003.48,6088.06,-84.57,114949.01,114006.92,64.13,64.27,白色,浅绿
2025-09-18,117073.53000000,5998.67,6070.18,-71.50,115335.28,114298.97,66.59,65.77,白色,浅绿
2025-09-19,115632.38000000,5978.62,6051.87,-73.24,115389.30,114425.96,56.64,63.32,白色,浅绿
2025-09-20,115685.63000000,5958.51,6033.20,-74.68,115443.18,114545.93,56.90,60.40,白色,浅绿
2025-09-21,115232.29000000,5933.36,6013.23,-79.87,115404.83,114611.30,53.80,57.32,白色,浅绿
2025-09-22,112650.99000000,5882.35,5987.05,-104.70,114904.13,114424.60,40.00,49.34,白色,浅绿
2025-09-23,111998.80000000,5825.26,5954.69,-129.43,114375.89,114193.57,37.31,43.64,白色,浅绿
2025-09-24,113307.00000000,5781.60,5920.07,-138.47,114181.55,114109.14,45.47,41.89,白色,浅绿
2025-09-25,108994.49000000,5695.60,5875.18,-179.57,113238.44,113622.03,30.79,35.69,白色,浅绿
2025-09-26,109643.46000000,5617.42,5823.63,-206.20,112584.81,113243.12,34.33,34.41,白色,浅绿
2025-09-27,109635.85000000,5540.37,5766.98,-226.60,112048.63,112899.57,34.31,33.85,白色,浅绿
2025-09-28,112163.95000000,5489.41,5711.46,-222.05,112069.60,112829.51,47.29,36.62,纯红,浅绿
2025-09-29,114311.96000000,5460.03,5661.18,-201.14,112477.30,112970.69,55.57,44.57,纯红,浅绿
2025-09-30,114048.93000000,5427.86,5614.51,-186.65,112763.05,113073.38,54.41,50.01,纯红,浅绿
2025-10-01,118594.99000000,5440.35,5579.68,-139.32,113823.40,113599.25,67.48,59.22,白色,浅绿
2025-10-02,120529.35000000,5470.46,5557.84,-87.37,115042.66,114259.26,71.37,65.81,纯绿,浅绿
2025-10-03,122232.00000000,5515.38,5549.34,-33.96,116349.82,115018.57,74.36,70.78,纯绿,浅绿
2025-10-04,122391.00000000,5559.45,5551.37,8.08,117448.21,115720.70,74.63,75.16,纯绿,纯绿
2025-10-05,123482.31000000,5611.87,5563.47,48.40,118545.32,116459.90,76.55,77.06,纯绿,纯绿
2025-10-06,124658.54000000,5673.22,5585.42,87.80,119656.81,117240.72,78.50,78.62,纯绿,纯绿
2025-10-07,121332.95000000,5698.88,5608.11,90.77,119961.56,117630.46,62.25,73.44,白色,纯绿
2025-10-08,123306.00000000,5742.10,5634.91,107.19,120569.64,118170.99,66.78,70.80,白色,纯绿
2025-10-09,121662.40000000,5766.72,5661.27,105.44,120768.33,118503.50,60.10,65.87,浅黄,纯绿
2025-10-10,112774.50000000,5701.91,5669.40,32.51,119314.90,117957.88,37.54,53.27,浅黄,纯绿
2025-10-11,110644.40000000,5616.91,5658.90,-41.99,117738.45,117261.36,34.13,44.68,白色,浅绿
2025-10-12,114958.80000000,5575.81,5642.28,-66.46,117233.05,117042.07,45.31,40.89,白色,浅绿
2025-10-13,115166.00000000,5536.88,5621.20,-84.32,116857.23,116863.39,45.80,39.18,白色,浅绿
2025-10-14,113028.14000000,5476.94,5592.35,-115.40,116161.03,116498.13,41.53,40.33,白色,浅绿
2025-10-15,110763.28000000,5395.38,5552.96,-157.57,115179.62,115951.95,37.42,40.40,白色,浅绿
2025-10-16,108194.28000000,5289.86,5500.34,-210.47,113909.56,115213.13,33.27,36.91,白色,浅绿
2025-10-17,106431.68000000,5169.06,5434.08,-265.02,112549.94,114376.80,30.67,33.03,白色,浅绿
2025-10-18,107185.01000000,5058.22,5358.91,-300.68,111574.50,113691.87,33.15,31.53,白色,浅绿
2025-10-19,108642.78000000,4964.03,5279.93,-315.90,111041.46,113211.00,37.91,32.78,白色,浅绿
2025-10-20,110532.09000000,4890.26,5202.00,-311.74,110948.84,112955.87,43.69,36.66,纯红,浅绿
2025-10-21,108297.67000000,4795.69,5120.74,-325.05,110466.81,112512.23,38.93,38.57,白色,浅绿
2025-10-22,107567.44000000,4695.77,5035.74,-339.97,109939.65,112041.29,37.45,39.15,白色,浅绿
2025-10-23,110078.18000000,4622.62,4953.12,-330.49,109964.84,111854.33,45.39,41.64,纯红,浅绿
2025-10-24,111004.89000000,4559.85,4874.46,-314.61,110153.94,111773.43,48.09,43.62,纯红,浅绿
2025-10-25,111646.27000000,4504.35,4800.44,-296.08,110425.27,111761.32,50.00,46.79,纯红,浅绿
2025-10-26,114559.40000000,4478.31,4736.02,-257.70,111176.93,112027.80,57.80,52.49,纯红,浅绿
2025-10-27,114107.65000000,4447.70,4678.35,-230.64,111709.79,112225.88,56.29,55.16,纯红,浅绿
2025-10-28,112898.45000000,4405.21,4623.73,-218.51,111925.91,112289.94,52.22,55.38,纯红,浅绿
2025-10-29,110021.29000000,4334.77,4565.93,-231.16,111579.61,112073.88,43.84,52.16,白色,浅绿
2025-10-30,108322.88000000,4248.81,4502.51,-253.69,110987.48,111716.64,39.66,46.59,白色,浅绿
2025-10-31,109608.01000000,4177.23,4437.45,-260.22,110736.66,111515.81,44.14,43.94,白色,浅绿
2025-11-01,110098.10000000,4111.76,4372.31,-260.55,110620.56,111380.79,45.84,43.12,白色,浅绿
2025-11-02,110540.68000000,4051.78,4308.21,-256.43,110606.04,111300.78,47.44,44.56,纯红,浅绿
2025-11-03,106583.04000000,3953.78,4237.32,-283.54,109874.58,110851.47,36.65,42.57,白色,浅绿
2025-11-04,101497.22000000,3807.79,4151.42,-343.62,108351.42,109960.59,27.66,36.87,紫色,浅绿
2025-11-05,103885.16000000,3688.90,4058.91,-370.01,107539.37,109381.98,35.86,34.87,白色,浅绿
2025-11-06,101346.04000000,3547.78,3956.69,-408.90,106413.31,108616.65,31.62,31.40,白色,浅绿
2025-11-07,103339.08000000,3429.76,3851.30,-421.53,105854.36,108114.02,38.01,32.85,白色,浅绿
2025-11-08,102312.94000000,3304.45,3741.93,-437.48,105210.47,107561.54,36.08,34.97,白色,浅绿
2025-11-09,104722.96000000,3205.93,3634.73,-428.79,105121.83,107291.20,43.56,37.93,纯红,浅绿
2025-11-10,106011.13000000,3122.39,3532.26,-409.87,105283.52,107169.29,47.22,42.46,纯红,浅绿
2025-11-11,103058.99000000,3011.61,3428.13,-416.52,104879.06,106777.83,40.52,42.56,白色,浅绿
2025-11-12,101654.37000000,2889.68,3320.44,-430.76,104292.75,106289.88,37.69,41.97,白色,浅绿
2025-11-13,99692.02000000,2751.44,3206.64,-455.19,103456.25,105661.51,34.01,38.79,白色,浅绿
2025-11-14,94594.00000000,2566.53,3078.62,-512.08,101844.93,104607.46,26.52,32.79,紫色,浅绿
2025-11-15,95596.24000000,2396.45,2942.19,-545.73,100708.81,103749.25,29.89,30.33,紫色,浅绿
2025-11-16,94261.44000000,2217.78,2797.30,-579.52,99536.56,102845.65,27.99,28.15,紫色,浅绿
2025-11-17,92215.14000000,2023.79,2642.60,-618.81,98205.39,101833.22,25.26,26.03,紫色,浅绿
2025-11-18,92960.83000000,1842.48,2482.58,-640.09,97251.83,100988.23,28.10,26.69,紫色,浅绿
2025-11-19,91554.96000000,1652.31,2316.52,-664.21,96216.04,100089.82,26.03,25.87,紫色,浅绿
2025-11-20,86637.23000000,1418.99,2137.02,-718.02,94474.43,98808.62,20.22,23.43,紫色,浅绿
2025-11-21,85129.43000000,1177.44,1945.10,-767.66,92775.34,97505.84,18.80,21.41,紫色,浅绿
2025-11-22,84739.74000000,938.95,1743.87,-804.92,91314.32,96290.02,18.42,19.11,紫色,浅绿
2025-11-23,86830.00000000,727.92,1540.68,-812.76,90498.99,95389.07,27.06,20.74,紫色,浅绿
2025-11-24,88300.01000000,537.46,1340.04,-802.57,90099.17,94713.92,32.63,25.16,纯红,浅绿
2025-11-25,87369.96000000,343.37,1140.70,-797.33,89602.95,94014.49,30.97,28.43,纯红,浅绿
2025-11-26,90484.02000000,185.62,949.69,-764.06,89763.15,93678.26,41.97,35.17,纯红,浅绿
2025-11-27,91333.95000000,40.87,767.92,-727.05,90048.75,93454.99,44.65,40.09,纯红,浅绿
2025-11-28,90890.70000000,-103.96,593.54,-697.51,90201.83,93210.77,43.49,42.68,纯蓝,纯红
2025-11-29,90802.44000000,-245.38,425.76,-671.14,90311.03,92981.41,43.24,45.01,纯蓝,纯红
2025-11-30,90360.00000000,-386.92,263.22,-650.15,90319.93,92731.75,41.90,44.43,纯蓝,纯红
2025-12-01,86286.01000000,-564.34,97.70,-662.05,89586.49,92117.87,31.83,39.81,白色,纯红
2025-12-02,91277.88000000,-687.23,-59.27,-627.95,89894.01,92037.87,48.63,42.35,纯蓝,纯红
2025-12-03,93429.95000000,-785.15,-204.45,-580.69,90536.91,92170.45,54.05,46.45,纯蓝,纯红
2025-12-04,92078.06000000,-893.34,-342.23,-551.11,90817.12,92161.65,50.34,48.69,纯蓝,纯红
2025-12-05,89330.04000000,-1025.22,-478.83,-546.39,90546.74,91891.97,43.59,49.90,纯蓝,纯红
2025-12-06,89236.79000000,-1153.93,-613.85,-540.08,90308.57,91639.10,43.37,47.76,纯蓝,纯红
2025-12-07,90395.31000000,-1267.19,-744.52,-522.67,90324.34,91520.64,47.05,46.35,纯蓝,纯红
2025-12-08,90634.34000000,-1374.50,-870.51,-503.98,90380.70,91436.23,47.82,46.16,纯蓝,纯红
2025-12-09,92678.80000000,-1458.23,-988.06,-470.17,90798.54,91554.57,54.21,49.56,纯蓝,纯红
2025-12-10,92015.37000000,-1545.73,-1099.59,-446.13,91019.78,91598.45,51.92,51.54,纯蓝,纯红
2025-12-11,92513.38000000,-1625.43,-1204.76,-420.67,91291.34,91685.59,53.56,53.09,纯蓝,纯红
2025-12-12,90268.42000000,-1724.57,-1308.72,-415.85,91105.35,91550.62,45.75,51.38,纯蓝,纯红
2025-12-13,90240.01000000,-1820.72,-1411.12,-409.60,90948.02,91425.80,45.66,48.78,纯蓝,纯红
2025-12-14,88172.17000000,-1934.05,-1515.71,-418.34,90443.32,91115.93,39.18,44.72,白色,纯红
2025-12-15,86432.08000000,-2060.79,-1624.72,-436.06,89714.00,90669.85,34.59,39.43,白色,纯红
2025-12-16,87863.42000000,-2169.27,-1733.63,-435.63,89377.53,90402.57,40.91,38.82,纯蓝,纯红
2025-12-17,86243.22000000,-2290.08,-1844.92,-445.16,88807.65,90006.44,36.48,36.72,白色,纯红
2025-12-18,85516.41000000,-2414.03,-1958.74,-455.28,88209.25,89578.82,34.60,35.51,白色,纯红
2025-12-19,88136.94000000,-2508.03,-2068.60,-439.42,88196.10,89441.50,45.75,39.40,纯蓝,纯红
2025-12-20,88360.90000000,-2596.54,-2174.19,-422.35,88226.06,89338.58,46.61,41.75,纯蓝,纯红
2025-12-21,88658.86000000,-2679.00,-2275.15,-403.84,88304.75,89273.85,47.84,44.92,纯蓝,纯红
2025-12-22,88620.79000000,-2758.86,-2371.89,-386.96,88362.21,89211.65,47.69,47.80,纯蓝,纯红
2025-12-23,87486.00000000,-2847.00,-2466.91,-380.08,88202.90,89047.30,43.04,46.45,纯蓝,纯红
2025-12-24,87669.45000000,-2930.17,-2559.57,-370.60,88105.91,88916.08,44.02,45.53,纯蓝,纯红
2025-12-25,87225.27000000,-3014.67,-2650.59,-364.08,87945.79,88755.05,42.08,43.86,纯蓝,纯红
2025-12-26,87369.56000000,-3094.67,-2739.40,-355.26,87841.02,88623.10,42.99,42.85,纯蓝,纯红
2025-12-27,87877.01000000,-3166.69,-2824.86,-341.82,87847.56,88552.04,46.28,44.06,纯蓝,纯红
2025-12-28,87952.71000000,-3235.21,-2906.93,-328.27,87866.68,88494.96,46.79,45.06,纯蓝,纯红
2025-12-29,87237.13000000,-3308.12,-2987.17,-320.95,87752.22,88375.17,42.55,44.69,纯蓝,纯红
2025-12-30,88485.49000000,-3365.92,-3062.92,-303.00,87885.54,88385.67,51.13,47.34,纯蓝,纯红
2025-12-31,87648.22000000,-3429.60,-3136.25,-293.34,87842.39,88315.44,46.01,47.05,纯蓝,纯红
2026-01-01,88839.04000000,-3478.99,-3204.80,-274.19,88023.60,88365.30,53.39,49.40,纯蓝,纯红
2026-01-02,89995.13000000,-3514.85,-3266.81,-248.03,88382.06,88520.53,59.38,54.27,纯蓝,纯红
2026-01-03,90628.01000000,-3542.72,-3321.99,-220.72,88790.41,88721.24,62.32,57.77,白色,纯红
2026-01-04,91529.73000000,-3560.18,-3369.63,-190.55,89288.47,88988.71,66.20,62.97,白色,纯红
2026-01-05,93859.71000000,-3553.47,-3406.40,-147.07,90119.60,89452.62,73.91,68.69,纯绿,纯红
2026-01-06,93747.97000000,-3547.37,-3434.59,-112.77,90779.30,89861.70,73.02,71.96,纯绿,纯红
2026-01-07,91364.16000000,-3564.22,-3460.52,-103.70,90885.64,90004.79,56.84,68.22,白色,纯红
2026-01-08,91099.99000000,-3582.48,-3484.91,-97.57,90924.61,90109.09,55.33,63.90,白色,纯红
2026-01-09,90641.28000000,-3604.01,-3508.73,-95.28,90873.10,90159.78,52.63,57.98,白色,纯红
2026-01-10,90504.70000000,-3625.55,-3532.09,-93.45,90806.11,90192.63,51.80,53.00,白色,纯红
2026-01-11,91013.65000000,-3640.71,-3553.82,-86.89,90843.85,90270.82,54.77,52.94,白色,纯红
2026-01-12,91296.20000000,-3651.93,-3573.44,-78.49,90926.09,90368.47,56.43,53.77,白色,纯红
2026-01-13,95414.00000000,-3621.53,-3583.06,-38.47,91742.07,90849.00,72.65,60.85,纯绿,纯红
2026-01-14,96951.78000000,-3576.17,-3581.68,5.51,92689.29,91430.22,76.31,68.11,纯绿,浅红
2026-01-15,95604.80000000,-3544.71,-3574.29,29.57,93219.38,91827.80,67.52,70.32,白色,浅红
2026-01-16,95550.94000000,-3514.01,-3562.23,48.22,93643.30,92182.38,67.17,71.70,白色,浅红
2026-01-17,95147.77000000,-3487.50,-3547.28,59.78,93916.84,92464.80,64.44,68.89,白色,浅红
2026-01-18,93673.14000000,-3475.61,-3532.95,57.33,93872.53,92579.88,55.30,62.60,纯红,浅红
2026-01-19,92631.00000000,-3473.66,-3521.09,47.43,93646.80,92584.75,49.76,57.04,纯红,浅红
2026-01-20,88427.66000000,-3512.49,-3519.37,6.88,92697.86,92188.83,34.34,46.94,纯红,浅红
2026-01-21,89454.73000000,-3539.36,-3523.37,-15.99,92108.20,91928.44,39.44,41.03,白色,纯红
2026-01-22,89559.67000000,-3563.71,-3531.44,-32.27,91644.83,91702.84,39.97,38.05,白色,纯红
2026-01-23,89600.26000000,-3586.23,-3542.40,-43.83,91273.09,91502.60,40.19,36.70,白色,纯红
2026-01-24,89225.34000000,-3611.08,-3556.13,-54.94,90900.77,91285.71,38.71,37.86,白色,纯红
2026-01-25,86670.36000000,-3659.65,-3576.84,-82.81,90131.60,90846.16,30.24,34.80,白色,纯红
2026-01-26,88347.08000000,-3689.55,-3599.38,-90.16,89807.14,90608.15,39.83,35.69,白色,纯红
2026-01-27,89250.00000000,-3708.94,-3621.29,-87.64,89705.84,90478.80,44.41,38.04,纯蓝,纯红
2026-01-28,89299.99000000,-3726.53,-3642.34,-84.19,89632.05,90366.53,44.67,40.33,纯蓝,纯红
2026-01-29,84650.16000000,-3788.68,-3671.61,-117.07,88726.25,89822.12,30.16,38.46,白色,纯红
2026-01-30,84260.49000000,-3852.08,-3707.70,-144.38,87914.29,89292.44,29.27,34.87,紫色,纯红
2026-01-31,78741.09000000,-3967.23,-3759.61,-207.62,86246.44,88287.55,20.02,27.74,紫色,纯红
2026-02-01,76968.21000000,-4095.66,-3826.82,-268.84,84559.49,87209.51,17.99,21.12,紫色,纯红
2026-02-02,78738.61000000,-4202.04,-3901.86,-300.17,83501.14,86402.76,26.28,21.35,紫色,纯红
2026-02-03,75770.21000000,-4333.70,-3988.23,-345.46,82095.52,85390.14,22.11,20.19,紫色,纯红
2026-02-04,73165.83000000,-4486.27,-4087.84,-398.42,80471.94,84225.92,19.15,19.84,紫色,纯红
2026-02-05,62909.86000000,-4734.48,-4217.17,-517.31,77278.83,82195.81,12.08,17.36,紫色,纯红
2026-02-06,70580.26000000,-4898.86,-4353.50,-545.35,76060.91,81089.57,32.72,21.32,白色,纯红
2026-02-07,69289.38000000,-5070.13,-4496.83,-573.30,74829.72,79965.74,31.35,24.82,白色,纯红
2026-02-08,70330.38000000,-5225.09,-4642.48,-582.60,74011.66,79048.09,33.84,29.13,白色,纯红
2026-02-09,70138.00000000,-5376.33,-4789.25,-587.07,73307.36,78199.51,33.59,33.85,白色,纯红
2026-02-10,68841.29000000,-5534.82,-4938.36,-596.45,72495.34,77308.25,31.82,33.32,白色,纯红
2026-02-11,67082.52000000,-5704.86,-5091.66,-613.19,71511.19,76334.37,29.49,32.29,紫色,纯红
2026-02-12,66272.17000000,-5876.73,-5248.68,-628.05,70558.64,75376.06,28.42,30.60,紫色,纯红
2026-02-13,68853.96000000,-6016.93,-5402.33,-614.60,70248.70,74754.91,36.55,32.22,纯蓝,纯红
2026-02-14,69822.95000000,-6142.26,-5550.31,-591.94,70171.29,74285.20,39.42,34.91,纯蓝,纯红
2026-02-15,68832.58000000,-6272.42,-5694.74,-577.68,69927.89,73765.90,37.49,36.84,纯蓝,纯红
2026-02-16,68892.43000000,-6396.92,-5835.17,-561.74,69739.62,73301.76,37.70,38.68,纯蓝,纯红
2026-02-17,67503.52000000,-6530.16,-5974.17,-555.98,69333.06,72749.55,34.77,37.64,纯蓝,纯红
2026-02-18,66461.00000000,-6668.44,-6113.02,-555.41,68810.86,72150.64,32.65,35.51,纯蓝,纯红
2026-02-19,67003.73000000,-6795.98,-6249.61,-546.36,68482.29,71660.46,34.94,34.94,纯蓝,纯红
2026-02-20,68020.01000000,-6908.39,-6381.37,-527.02,68398.24,71313.75,39.24,36.00,纯蓝,纯红
2026-02-21,67975.93000000,-7016.56,-6508.41,-508.15,68321.46,70995.86,39.12,37.36,纯蓝,纯红
2026-02-22,67643.40000000,-7123.42,-6631.41,-492.01,68198.17,70676.58,38.10,38.49,纯蓝,纯红
2026-02-23,64656.02000000,-7255.16,-6756.16,-498.99,67554.14,70103.19,30.27,36.14,白色,纯红
2026-02-24,64058.15000000,-7387.46,-6882.42,-505.03,66918.51,69527.47,28.94,32.96,紫色,纯红
2026-02-25,67988.04000000,-7475.67,-7001.07,-474.60,67112.97,69380.86,46.14,36.63,纯蓝,纯红
2026-02-26,67485.18000000,-7564.77,-7113.81,-450.95,67180.64,69200.32,44.61,39.27,纯蓝,纯红
2026-02-27,65872.10000000,-7665.62,-7224.17,-441.45,66942.72,68883.34,39.88,41.12,纯蓝,纯红
2026-02-28,66973.26000000,-7751.14,-7329.57,-421.57,66948.27,68701.43,44.35,44.51,纯蓝,纯红
2026-03-01,65776.47000000,-7844.40,-7432.53,-411.86,66735.22,68422.86,40.69,42.83,纯蓝,纯红
2026-03-02,68830.06000000,-7903.27,-7526.68,-376.58,67116.10,68461.64,51.93,45.81,纯蓝,纯红
2026-03-03,68338.00000000,-7963.69,-7614.08,-349.60,67338.26,68449.87,50.23,48.50,纯蓝,纯红
2026-03-04,72666.77000000,-7978.11,-7686.89,-291.22,68307.08,68851.48,62.31,54.27,纯蓝,纯红
2026-03-05,70890.72000000,-8008.03,-7751.12,-256.91,68776.83,69045.69,56.10,57.41,纯蓝,纯红
2026-03-06,68114.02000000,-8062.84,-7813.46,-249.38,68656.32,68956.96,47.82,54.92,纯蓝,纯红
2026-03-07,67262.91000000,-8122.83,-7875.34,-247.49,68402.97,68795.62,45.53,52.36,纯蓝,纯红
2026-03-08,65971.20000000,-8192.17,-7938.70,-253.46,67960.83,68526.63,42.13,46.83,白色,纯红
2026-03-09,68432.16000000,-8233.60,-7997.68,-235.92,68046.53,68517.63,50.03,46.31,纯蓝,纯红
2026-03-10,69948.63000000,-8257.25,-8049.60,-207.65,68392.36,68653.91,54.30,48.94,纯蓝,纯红
2026-03-11,70191.86000000,-8276.17,-8094.91,-181.26,68719.54,68800.39,54.99,51.76,纯蓝,纯红
2026-03-12,70541.34000000,-8289.46,-8133.82,-155.64,69050.78,68966.19,56.04,55.06,白色,纯红
2026-03-13,70930.00000000,-8296.90,-8166.44,-130.46,69392.45,69153.22,57.27,56.78,白色,纯红
2026-03-14,71211.95000000,-8299.70,-8193.09,-106.61,69723.27,69349.29,58.22,57.76,白色,纯红
2026-03-15,72815.24000000,-8284.99,-8211.47,-73.52,70285.45,69679.38,63.35,60.29,白色,纯红
2026-03-16,74884.67000000,-8248.70,-8218.92,-29.78,71121.67,70175.12,68.83,64.17,白色,纯红
2026-03-17,73909.36000000,-8221.46,-8219.43,-2.03,71628.52,70530.76,63.83,65.30,白色,纯红
2026-03-18,71246.54000000,-8219.64,-8219.47,-0.17,71559.07,70598.93,52.30,61.86,白色,纯红
2026-03-19,69930.00000000,-8229.22,-8221.42,-7.80,71262.87,70535.22,47.57,56.40,白色,纯红
2026-03-20,70376.05000000,-8232.51,-8223.64,-8.87,71101.63,70520.06,49.30,51.55,白色,纯红
